person_id,post_id,,,
244,729,,,
244,727,,,
338,730,,,
667,1354,,,
938,1857,,,
1645,3967,,,
2940,8414,,,
2940,7311,,,
2941,7355,,,
2941,7549,,,
2941,7429,,,
2941,7377,,,
2941,7312,,,
2942,7313,,,
2948,8140,,,
2952,7553,,,
2952,7446,,,
2953,7447,,,
2953,7382,,,
2953,7325,,,
2953,7507,,,
2955,7383,,,
2955,7327,,,
2955,7364,,,
2956,8142,,,
2957,8422,,,
2957,8143,,,
2960,8145,,,
2960,8424,,,
2961,7333,,,
2967,8146,,,
2968,7510,,,
2968,7415,,,
2968,7449,,,
2968,7340,,,
2971,7344,,,
2976,8148,,,
2979,7352,,,
2979,7424,,,
2979,7374,,,
2985,7361,,,
2987,7363,,,
2988,7365,,,
2989,7366,,,
2990,7367,,,
2992,7371,,,
2993,7372,,,
2994,7373,,,
2994,8413,,,
2998,7381,,,
3003,7389,,,
3004,7390,,,
3005,7392,,,
3010,7397,,,
3011,7398,,,
3012,7399,,,
3013,7400,,,
3016,7403,,,
3019,7406,,,
3020,7407,,,
3025,7412,,,
3027,7414,,,
3030,7419,,,
3037,7431,,,
3037,7572,,,
3037,7782,,,
3038,7432,,,
3039,7433,,,
3054,7457,,,
3055,7458,,,
3057,7460,,,
3059,7462,,,
3059,7552,,,
3064,7467,,,
3068,9212,,,
3095,7502,,,
3099,7506,,,
3102,7512,,,
3103,7514,,,
3104,7516,,,
3106,8151,,,
3111,7533,,,
3117,7541,,,
3119,7543,,,
3120,7545,,,
3121,7546,,,
3124,7554,,,
3125,7555,,,
3126,7556,,,
3128,7565,,,
3229,7680,,,
3240,7692,,,
3267,7720,,,
3279,7733,,,
3295,7786,,,
3299,7872,,,
3300,7805,,,
3308,7812,,,
3313,8255,,,
3317,7839,,,
3331,7883,,,
3336,7900,,,
3405,8249,,,
3408,8252,,,
3409,8253,,,
3412,8256,,,
3418,8262,,,
3419,8263,,,
3451,8415,,,
3451,8416,,,
3471,8533,,,
3705,8978,,,
3744,9000,,,
3746,9026,,,
3753,9054,,,
3756,9069,,,
3767,9085,,,
3768,9086,,,
3774,9104,,,
3782,9159,,,
3789,9188,,,
3789,9187,,,
3809,9239,,,
3810,9243,,,
3814,9248,,,
3844,9318,,,
4631,9634,,,
4682,10206,,,
4682,10205,,,
4685,10207,,,
4706,11068,,,