[
{
  "pk": 1,
  "model": "auth.user",
  "fields": {
    "username": "alejandro",
    "first_name": "",
    "last_name": "",
    "is_active": true,
    "is_superuser": true,
    "is_staff": true,
    "last_login": "2014-03-14T15:51:27.374Z",
    "groups": [],
    "user_permissions": [],
    "password": "pbkdf2_sha256$12000$larbMvbYMnck$U3iU/tPAXe7FpIf/sXEFSe/rbAe2qmb2OG5NFBo2FhQ=",
    "email": "",
    "date_joined": "2014-03-14T15:50:58.433Z"
  }
},
{
  "pk": 1,
  "model": "wagtailcore.site",
  "fields": {
    "root_page": 9,
    "hostname": "localhost",
    "port": 80,
    "is_default_site": true
  }
},
{
  "pk": 1,
  "model": "wagtailcore.page",
  "fields": {
    "title": "Root",
    "numchild": 1,
    "show_in_menus": false,
    "live": true,
    "seo_title": "",
    "depth": 1,
    "search_description": "",
    "content_type": [
      "wagtailcore",
      "page"
    ],
    "has_unpublished_changes": false,
    "owner": null,
    "path": "0001",
    "url_path": "/",
    "slug": "root"
  }
},
{
  "pk": 3,
  "model": "wagtailcore.page",
  "fields": {
    "title": "Standard Index",
    "numchild": 2,
    "show_in_menus": true,
    "live": true,
    "seo_title": "",
    "depth": 3,
    "search_description": "",
    "content_type": [
      "wagtailbase",
      "indexpage"
    ],
    "has_unpublished_changes": false,
    "owner": [
      "alejandro"
    ],
    "path": "000100020002",
    "url_path": "/home/standard-index/",
    "slug": "standard-index"
  }
},
{
  "pk": 4,
  "model": "wagtailcore.page",
  "fields": {
    "title": "First page in index",
    "numchild": 0,
    "show_in_menus": true,
    "live": true,
    "seo_title": "",
    "depth": 4,
    "search_description": "",
    "content_type": [
      "wagtailbase",
      "richtextpage"
    ],
    "has_unpublished_changes": false,
    "owner": [
      "alejandro"
    ],
    "path": "0001000200020001",
    "url_path": "/home/standard-index/first-page-index/",
    "slug": "first-page-index"
  }
},
{
  "pk": 5,
  "model": "wagtailcore.page",
  "fields": {
    "title": "Blog",
    "numchild": 2,
    "show_in_menus": true,
    "live": true,
    "seo_title": "",
    "depth": 3,
    "search_description": "",
    "content_type": [
      "wagtailbase",
      "blogindexpage"
    ],
    "has_unpublished_changes": false,
    "owner": [
      "alejandro"
    ],
    "path": "000100020001",
    "url_path": "/home/blog/",
    "slug": "blog"
  }
},
{
  "pk": 6,
  "model": "wagtailcore.page",
  "fields": {
    "title": "That's It!",
    "numchild": 0,
    "show_in_menus": false,
    "live": true,
    "seo_title": "",
    "depth": 4,
    "search_description": "",
    "content_type": [
      "wagtailbase",
      "blogpost"
    ],
    "has_unpublished_changes": false,
    "owner": [
      "alejandro"
    ],
    "path": "0001000200010001",
    "url_path": "/home/blog/s-it/",
    "slug": "s-it"
  }
},
{
  "pk": 7,
  "model": "wagtailcore.page",
  "fields": {
    "title": "Another blog post",
    "numchild": 0,
    "show_in_menus": false,
    "live": true,
    "seo_title": "",
    "depth": 4,
    "search_description": "",
    "content_type": [
      "wagtailbase",
      "blogpost"
    ],
    "has_unpublished_changes": false,
    "owner": [
      "alejandro"
    ],
    "path": "0001000200010002",
    "url_path": "/home/blog/another-blog-post/",
    "slug": "another-blog-post"
  }
},
{
  "pk": 8,
  "model": "wagtailcore.page",
  "fields": {
    "title": "Nested Index",
    "numchild": 0,
    "show_in_menus": true,
    "live": true,
    "seo_title": "",
    "depth": 4,
    "search_description": "",
    "content_type": [
      "wagtailbase",
      "indexpage"
    ],
    "has_unpublished_changes": false,
    "owner": [
      "alejandro"
    ],
    "path": "0001000200020002",
    "url_path": "/home/standard-index/nested-index/",
    "slug": "nested-index"
  }
},
{
  "pk": 9,
  "model": "wagtailcore.page",
  "fields": {
    "title": "Home",
    "numchild": 2,
    "show_in_menus": true,
    "live": true,
    "seo_title": "",
    "depth": 2,
    "search_description": "",
    "content_type": [
      "wagtailbase",
      "homepage"
    ],
    "has_unpublished_changes": false,
    "owner": [
      "alejandro"
    ],
    "path": "00010002",
    "url_path": "/home/",
    "slug": "home"
  }
},
{
  "pk": 1,
  "model": "wagtailcore.pagerevision",
  "fields": {
    "created_at": "2014-03-14T15:01:24.143Z",
    "submitted_for_moderation": false,
    "content_json": "{\"related_links\": [{\"link_page\": null, \"title\": \"link to something else\", \"link_external\": \"http://www.duckduckgo.com/\", \"sort_order\": 0, \"link_document\": null, \"pk\": 1, \"page\": 3}], \"title\": \"Standard Index\", \"introduction\": \"<p>Standard Index here we go!</p>\", \"numchild\": 0, \"show_in_menus\": false, \"live\": true, \"seo_title\": \"\", \"search_description\": \"\", \"depth\": 3, \"has_unpublished_changes\": false, \"content_type\": 29, \"path\": \"000100010001\", \"owner\": 1, \"pk\": 3, \"url_path\": \"/home/standard-index/\", \"slug\": \"standard-index\"}",
    "page": 3,
    "user": [
      "alejandro"
    ]
  }
},
{
  "pk": 2,
  "model": "wagtailcore.pagerevision",
  "fields": {
    "created_at": "2014-03-14T15:01:53.444Z",
    "submitted_for_moderation": false,
    "content_json": "{\"related_links\": [], \"title\": \"First page in index\", \"numchild\": 0, \"show_in_menus\": false, \"live\": true, \"seo_title\": \"\", \"content\": \"<p>This page has been created so many times...</p>\", \"search_description\": \"\", \"depth\": 4, \"has_unpublished_changes\": false, \"content_type\": 31, \"path\": \"0001000100010001\", \"owner\": 1, \"pk\": 4, \"url_path\": \"/home/standard-index/first-page-index/\", \"slug\": \"first-page-index\"}",
    "page": 4,
    "user": [
      "alejandro"
    ]
  }
},
{
  "pk": 3,
  "model": "wagtailcore.pagerevision",
  "fields": {
    "created_at": "2014-03-14T15:02:21.985Z",
    "submitted_for_moderation": false,
    "content_json": "{\"related_links\": [], \"title\": \"Blog\", \"introduction\": \"<p>This blog contains no personal feelings</p>\", \"numchild\": 0, \"show_in_menus\": false, \"live\": true, \"seo_title\": \"\", \"search_description\": \"\", \"depth\": 3, \"has_unpublished_changes\": false, \"content_type\": 34, \"path\": \"000100010002\", \"owner\": 1, \"pk\": 5, \"url_path\": \"/home/blog/\", \"slug\": \"blog\"}",
    "page": 5,
    "user": [
      "alejandro"
    ]
  }
},
{
  "pk": 4,
  "model": "wagtailcore.pagerevision",
  "fields": {
    "created_at": "2014-03-14T15:02:49.661Z",
    "submitted_for_moderation": false,
    "content_json": "{\"related_links\": [], \"date\": \"2014-03-14\", \"title\": \"That's It!\", \"tagged_items\": [], \"numchild\": 0, \"show_in_menus\": false, \"live\": true, \"seo_title\": \"\", \"content\": \"<p>Here be Dragons</p>\", \"search_description\": \"\", \"depth\": 4, \"has_unpublished_changes\": false, \"content_type\": 37, \"path\": \"0001000100020001\", \"owner\": 1, \"pk\": 6, \"url_path\": \"/home/blog/s-it/\", \"slug\": \"s-it\"}",
    "page": 6,
    "user": [
      "alejandro"
    ]
  }
},
{
  "pk": 5,
  "model": "wagtailcore.pagerevision",
  "fields": {
    "created_at": "2014-03-14T15:46:46.023Z",
    "submitted_for_moderation": false,
    "content_json": "{\"related_links\": [{\"link_page\": null, \"title\": \"wagtail\", \"link_external\": \"https://github.com/torchbox/wagtail\", \"sort_order\": 0, \"link_document\": null, \"pk\": 1, \"page\": 7}], \"date\": \"2014-03-14\", \"title\": \"Another blog post\", \"tagged_items\": [], \"numchild\": 0, \"show_in_menus\": false, \"live\": true, \"seo_title\": \"\", \"content\": \"<p>this blog post contains an in-detail review of wagtail and how it cannot handle inheritance very well</p>\", \"search_description\": \"\", \"depth\": 4, \"has_unpublished_changes\": false, \"content_type\": 37, \"path\": \"0001000100020002\", \"owner\": 1, \"pk\": 7, \"url_path\": \"/home/blog/another-blog-post/\", \"slug\": \"another-blog-post\"}",
    "page": 7,
    "user": [
      "alejandro"
    ]
  }
},
{
  "pk": 6,
  "model": "wagtailcore.pagerevision",
  "fields": {
    "created_at": "2014-03-14T15:47:23.175Z",
    "submitted_for_moderation": false,
    "content_json": "{\"related_links\": [], \"title\": \"Nested Index\", \"introduction\": \"<p>This index is nested</p>\", \"numchild\": 0, \"show_in_menus\": false, \"live\": true, \"seo_title\": \"\", \"search_description\": \"\", \"depth\": 4, \"has_unpublished_changes\": false, \"content_type\": 29, \"path\": \"0001000100010002\", \"owner\": 1, \"pk\": 8, \"url_path\": \"/home/standard-index/nested-index/\", \"slug\": \"nested-index\"}",
    "page": 8,
    "user": [
      "alejandro"
    ]
  }
},
{
  "pk": 7,
  "model": "wagtailcore.pagerevision",
  "fields": {
    "created_at": "2014-03-21T11:45:09.802Z",
    "submitted_for_moderation": false,
    "content_json": "{\"title\": \"Home\", \"numchild\": 0, \"show_in_menus\": true, \"live\": true, \"seo_title\": \"\", \"content\": \"<p>Home sweet home</p>\", \"search_description\": \"\", \"depth\": 3, \"has_unpublished_changes\": false, \"content_type\": 33, \"path\": \"000100010003\", \"owner\": 1, \"pk\": 9, \"url_path\": \"/home/home/\", \"slug\": \"home\"}",
    "page": 9,
    "user": [
      "alejandro"
    ]
  }
},
{
  "pk": 8,
  "model": "wagtailcore.pagerevision",
  "fields": {
    "created_at": "2014-03-21T11:48:33.941Z",
    "submitted_for_moderation": false,
    "content_json": "{\"related_links\": [], \"title\": \"Blog\", \"introduction\": \"<p>This blog contains no personal feelings</p>\", \"numchild\": 2, \"show_in_menus\": true, \"live\": true, \"seo_title\": \"\", \"search_description\": \"\", \"depth\": 3, \"has_unpublished_changes\": false, \"content_type\": 34, \"path\": \"000100020001\", \"owner\": 1, \"pk\": 5, \"url_path\": \"/home/blog/\", \"slug\": \"blog\"}",
    "page": 5,
    "user": [
      "alejandro"
    ]
  }
},
{
  "pk": 9,
  "model": "wagtailcore.pagerevision",
  "fields": {
    "created_at": "2014-03-21T11:48:45.325Z",
    "submitted_for_moderation": false,
    "content_json": "{\"related_links\": [{\"link_page\": null, \"title\": \"link to something else\", \"link_external\": \"http://www.duckduckgo.com/\", \"sort_order\": 0, \"link_document\": null, \"pk\": 1, \"page\": 3}], \"title\": \"Standard Index\", \"introduction\": \"<p>Standard Index here we go!</p>\", \"numchild\": 2, \"show_in_menus\": true, \"live\": true, \"seo_title\": \"\", \"search_description\": \"\", \"depth\": 3, \"has_unpublished_changes\": false, \"content_type\": 29, \"path\": \"000100020002\", \"owner\": 1, \"pk\": 3, \"url_path\": \"/home/standard-index/\", \"slug\": \"standard-index\"}",
    "page": 3,
    "user": [
      "alejandro"
    ]
  }
},
{
  "pk": 10,
  "model": "wagtailcore.pagerevision",
  "fields": {
    "created_at": "2014-03-21T11:49:02.544Z",
    "submitted_for_moderation": false,
    "content_json": "{\"related_links\": [], \"title\": \"Nested Index\", \"introduction\": \"<p>This index is nested</p>\", \"numchild\": 0, \"show_in_menus\": true, \"live\": true, \"seo_title\": \"\", \"search_description\": \"\", \"depth\": 4, \"has_unpublished_changes\": false, \"content_type\": 29, \"path\": \"0001000200020002\", \"owner\": 1, \"pk\": 8, \"url_path\": \"/home/standard-index/nested-index/\", \"slug\": \"nested-index\"}",
    "page": 8,
    "user": [
      "alejandro"
    ]
  }
},
{
  "pk": 11,
  "model": "wagtailcore.pagerevision",
  "fields": {
    "created_at": "2014-03-21T11:49:12.179Z",
    "submitted_for_moderation": false,
    "content_json": "{\"related_links\": [], \"title\": \"First page in index\", \"numchild\": 0, \"show_in_menus\": true, \"live\": true, \"seo_title\": \"\", \"content\": \"<p>This page has been created so many times...</p>\", \"search_description\": \"\", \"depth\": 4, \"has_unpublished_changes\": false, \"content_type\": 31, \"path\": \"0001000200020001\", \"owner\": 1, \"pk\": 4, \"url_path\": \"/home/standard-index/first-page-index/\", \"slug\": \"first-page-index\"}",
    "page": 4,
    "user": [
      "alejandro"
    ]
  }
},
{
  "pk": 1,
  "model": "wagtailcore.grouppagepermission",
  "fields": {
    "group": [
      "Moderators"
    ],
    "page": 1,
    "permission_type": "add"
  }
},
{
  "pk": 2,
  "model": "wagtailcore.grouppagepermission",
  "fields": {
    "group": [
      "Moderators"
    ],
    "page": 1,
    "permission_type": "edit"
  }
},
{
  "pk": 3,
  "model": "wagtailcore.grouppagepermission",
  "fields": {
    "group": [
      "Moderators"
    ],
    "page": 1,
    "permission_type": "publish"
  }
},
{
  "pk": 4,
  "model": "wagtailcore.grouppagepermission",
  "fields": {
    "group": [
      "Editors"
    ],
    "page": 1,
    "permission_type": "add"
  }
},
{
  "pk": 5,
  "model": "wagtailcore.grouppagepermission",
  "fields": {
    "group": [
      "Editors"
    ],
    "page": 1,
    "permission_type": "edit"
  }
},
{
  "pk": 3,
  "model": "wagtailbase.basepage",
  "fields": {}
},
{
  "pk": 4,
  "model": "wagtailbase.basepage",
  "fields": {}
},
{
  "pk": 5,
  "model": "wagtailbase.basepage",
  "fields": {}
},
{
  "pk": 6,
  "model": "wagtailbase.basepage",
  "fields": {}
},
{
  "pk": 7,
  "model": "wagtailbase.basepage",
  "fields": {}
},
{
  "pk": 8,
  "model": "wagtailbase.basepage",
  "fields": {}
},
{
  "pk": 9,
  "model": "wagtailbase.basepage",
  "fields": {}
},
{
  "pk": 3,
  "model": "wagtailbase.baseindexpage",
  "fields": {
    "introduction": "<p>Standard Index here we go!</p>"
  }
},
{
  "pk": 5,
  "model": "wagtailbase.baseindexpage",
  "fields": {
    "introduction": "<p>This blog contains no personal feelings</p>"
  }
},
{
  "pk": 8,
  "model": "wagtailbase.baseindexpage",
  "fields": {
    "introduction": "<p>This index is nested</p>"
  }
},
{
  "pk": 4,
  "model": "wagtailbase.baserichtextpage",
  "fields": {
    "content": "<p>This page has been created so many times...</p>"
  }
},
{
  "pk": 6,
  "model": "wagtailbase.baserichtextpage",
  "fields": {
    "content": "<p>Here be Dragons</p>"
  }
},
{
  "pk": 7,
  "model": "wagtailbase.baserichtextpage",
  "fields": {
    "content": "<p>this blog post contains an in-detail review of wagtail and how it cannot handle inheritance very well</p>"
  }
},
{
  "pk": 9,
  "model": "wagtailbase.baserichtextpage",
  "fields": {
    "content": "<p>Home sweet home</p>"
  }
},
{
  "pk": 3,
  "model": "wagtailbase.indexpage",
  "fields": {}
},
{
  "pk": 8,
  "model": "wagtailbase.indexpage",
  "fields": {}
},
{
  "pk": 1,
  "model": "wagtailbase.indexpagerelatedlink",
  "fields": {
    "link_page": null,
    "title": "link to something else",
    "link_external": "http://www.duckduckgo.com/",
    "sort_order": 0,
    "link_document": null,
    "page": 3
  }
},
{
  "pk": 4,
  "model": "wagtailbase.richtextpage",
  "fields": {}
},
{
  "pk": 9,
  "model": "wagtailbase.homepage",
  "fields": {}
},
{
  "pk": 5,
  "model": "wagtailbase.blogindexpage",
  "fields": {}
},
{
  "pk": 6,
  "model": "wagtailbase.blogpost",
  "fields": {
    "date": "2014-03-14"
  }
},
{
  "pk": 7,
  "model": "wagtailbase.blogpost",
  "fields": {
    "date": "2014-03-14"
  }
},
{
  "pk": 1,
  "model": "wagtailbase.blogpostrelatedlink",
  "fields": {
    "link_page": null,
    "title": "wagtail",
    "link_external": "https://github.com/torchbox/wagtail",
    "sort_order": 0,
    "link_document": null,
    "page": 7
  }
}
]
