person_id,era_from,era_to,                                               
1,-540,-509,
2,-550,-450,
3,-550,-503,
4,-550,-509,
5,-550,-450,
6,-550,-450,
7,-550,-425,
8,-550,-450,
9,-550,-450,
10,-550,-450,
11,-550,-499,
12,-550,-425,
13,-550,-499,
14,-550,-450,
15,-550,-425,
16,-550,-450,
17,-550,-425,
18,-550,-493,
19,-550,-425,
20,-550,-485,
21,-550,-425,
22,-550,-450,
23,-550,-463,
24,-550,-450,
25,-550,-425,
27,-550,-425,
28,-550,-425,
29,-550,-425,
30,-550,-425,
31,-550,-425,
32,-550,-425,
33,-550,-425,
34,-550,-425,
35,-525,-425,
36,-525,-425,
37,-525,-463,
38,-525,-425,
39,-525,-425,
40,-525,-425,
41,-525,-425,
42,-525,-425,
43,-525,-425,
44,-525,-425,
46,-525,-425,
47,-525,-400,
48,-525,-425,
49,-525,-425,
50,-525,-425,
51,-525,-460,
52,-525,-425,
53,-525,-425,
55,-525,-425,
56,-525,-425,
57,-525,-425,
58,-525,-425,
59,-525,-425,
60,-525,-425,
61,-525,-425,
62,-525,-425,
63,-525,-425,
64,-525,-425,
65,-525,-425,
67,-525,-425,
69,-525,-425,
76,-500,-453,
77,-525,-480,
78,-525,-425,
79,-525,-400,
80,-525,-400,
82,-525,-477,
83,-525,-425,
84,-500,-483,
85,-525,-375,
86,-525,-425,
87,-525,-425,
88,-525,-480,
89,-525,-425,
90,-525,-425,
91,-510,-463,
92,-525,-478,
96,-525,-476,
97,-525,-425,
98,-525,-425,
99,-525,-425,
100,-525,-425,
101,-525,-400,
102,-525,-425,
103,-525,-425,
104,-525,-400,
105,-525,-400,
106,-525,-400,
107,-525,-400,
108,-525,-473,
109,-525,-400,
110,-525,-464,
111,-525,-400,
112,-500,-472,
113,-525,-449,
114,-525,-375,
115,-525,-400,
116,-525,-400,
117,-525,-375,
118,-525,-400,
119,-525,-400,
120,-525,-400,
121,-500,-400,
122,-500,-400,
123,-500,-400,
124,-500,-375,
125,-525,-439,
126,-525,-400,
127,-500,-453,
129,-500,-463,
130,-500,-463,
131,-500,-400,
132,-500,-463,
133,-500,-400,
134,-500,-400,
135,-500,-400,
136,-500,-400,
137,-500,-400,
138,-500,-375,
139,-500,-400,
140,-500,-400,
141,-500,-460,
142,-519,-375,
143,-500,-400,
144,-500,-400,
145,-500,-400,
146,-500,-458,
147,-500,-375,
148,-500,-400,
149,-500,-400,
151,-500,-400,
152,-500,-400,
153,-500,-400,
154,-500,-375,
155,-500,-400,
156,-500,-400,
157,-500,-400,
158,-500,-375,
159,-500,-400,
160,-500,-400,
161,-514,-449,
163,-500,-453,
164,-500,-400,
165,-510,-453,
166,-500,-375,
168,-500,-400,
169,-500,-400,
170,-500,-400,
172,-500,-400,
173,-500,-375,
174,-500,-375,
175,-500,-375,
176,-500,-375,
177,-500,-375,
178,-500,-449,
179,-500,-375,
180,-480,-375,
181,-500,-375,
182,-500,-375,
183,-500,-375,
184,-500,-375,
185,-500,-375,
186,-500,-375,
187,-500,-375,
188,-500,-375,
189,-500,-375,
191,-500,-375,
192,-500,-375,
193,-500,-375,
194,-500,-375,
195,-500,-375,
196,-500,-375,
197,-500,-375,
198,-500,-375,
199,-500,-375,
200,-500,-375,
201,-500,-375,
203,-500,-375,
205,-500,-375,
206,-500,-375,
207,-500,-375,
208,-500,-375,
209,-475,-375,
210,-475,-375,
211,-475,-375,
212,-475,-350,
213,-475,-375,
214,-475,-375,
215,-475,-375,
216,-475,-375,
218,-475,-375,
219,-475,-375,
220,-500,-375,
222,-475,-375,
223,-475,-375,
224,-475,-375,
226,-475,-375,
227,-475,-375,
228,-475,-375,
229,-475,-375,
231,-475,-350,
233,-475,-438,
234,-475,-438,
235,-475,-438,
236,-475,-438,
237,-475,-350,
238,-475,-375,
239,-475,-375,
240,-475,-375,
241,-475,-375,
242,-475,-375,
243,-475,-375,
244,-475,-390,
245,-475,-375,
246,-475,-375,
247,-475,-375,
249,-475,-375,
251,-475,-375,
252,-475,-325,
254,-475,-350,
255,-475,-375,
258,-510,-439,
260,-475,-375,
261,-475,-375,
262,-475,-375,
263,-475,-375,
264,-475,-375,
266,-475,-350,
267,-475,-350,
268,-475,-375,
269,-475,-350,
270,-475,-375,
271,-475,-350,
272,-475,-350,
273,-475,-350,
274,-475,-350,
275,-475,-350,
276,-475,-350,
277,-475,-350,
278,-475,-350,
279,-475,-350,
280,-475,-350,
281,-475,-350,
282,-475,-350,
283,-475,-350,
285,-475,-350,
286,-475,-350,
287,-475,-350,
288,-475,-350,
289,-475,-350,
290,-475,-350,
291,-475,-350,
292,-475,-350,
293,-450,-350,
294,-450,-350,
295,-450,-350,
296,-450,-350,
297,-450,-350,
298,-450,-350,
299,-450,-350,
300,-450,-350,
301,-450,-325,
303,-450,-350,
304,-450,-350,
305,-450,-350,
306,-450,-325,
307,-450,-414,
308,-450,-350,
309,-450,-414,
310,-450,-350,
311,-475,-350,
312,-450,-350,
313,-450,-350,
314,-450,-350,
316,-450,-350,
317,-450,-350,
319,-450,-350,
320,-450,-350,
321,-450,-350,
322,-450,-325,
323,-450,-350,
324,-450,-350,
325,-450,-393,
326,-450,-350,
327,-450,-350,
328,-450,-350,
329,-475,-350,
330,-450,-325,
332,-450,-325,
333,-450,-350,
334,-450,-350,
335,-450,-349,
336,-450,-350,
337,-450,-350,
338,-450,-325,
340,-448,-365,
341,-450,-350,
342,-450,-325,
343,-450,-350,
344,-450,-325,
345,-450,-350,
346,-450,-350,
347,-450,-325,
348,-450,-350,
349,-450,-350,
350,-450,-350,
351,-450,-350,
352,-450,-350,
353,-450,-350,
354,-450,-325,
355,-450,-350,
356,-450,-325,
357,-450,-325,
358,-450,-350,
359,-450,-350,
360,-450,-396,
361,-450,-325,
362,-450,-325,
363,-450,-325,
364,-450,-325,
365,-450,-325,
366,-450,-325,
367,-450,-325,
368,-450,-325,
371,-450,-325,
372,-450,-325,
373,-450,-325,
374,-450,-325,
375,-450,-325,
376,-450,-325,
378,-450,-325,
379,-450,-325,
380,-425,-325,
381,-425,-325,
382,-425,-380,
383,-425,-325,
384,-425,-325,
385,-450,-325,
387,-425,-325,
388,-425,-325,
389,-425,-325,
390,-425,-325,
391,-425,-384,
393,-425,-325,
394,-425,-325,
395,-425,-325,
396,-425,-389,
400,-450,-325,
401,-425,-325,
402,-450,-390,
403,-425,-325,
405,-425,-325,
406,-425,-300,
407,-425,-325,
408,-425,-325,
409,-425,-325,
410,-425,-325,
411,-425,-325,
413,-425,-325,
414,-409,-275,
415,-450,-325,
416,-425,-325,
417,-425,-325,
418,-425,-325,
419,-425,-325,
420,-425,-325,
421,-425,-325,
422,-425,-325,
423,-425,-325,
424,-425,-325,
425,-425,-325,
426,-425,-300,
427,-425,-325,
428,-425,-325,
429,-425,-275,
430,-425,-325,
432,-425,-325,
433,-425,-325,
434,-425,-325,
435,-425,-325,
436,-425,-325,
437,-425,-325,
438,-425,-325,
440,-425,-300,
441,-425,-325,
442,-425,-325,
443,-425,-300,
444,-425,-300,
445,-425,-300,
446,-425,-325,
448,-425,-325,
449,-425,-325,
450,-425,-300,
451,-425,-325,
452,-425,-325,
453,-425,-325,
454,-425,-325,
455,-425,-325,
456,-425,-325,
457,-425,-325,
458,-425,-325,
459,-425,-325,
460,-425,-325,
461,-425,-325,
462,-425,-325,
464,-425,-300,
465,-425,-300,
466,-425,-325,
468,-400,-300,
469,-400,-300,
471,-425,-300,
473,-400,-300,
474,-400,-300,
475,-400,-300,
476,-400,-300,
477,-400,-300,
478,-400,-300,
479,-400,-300,
481,-400,-300,
482,-400,-300,
483,-400,-275,
484,-425,-300,
485,-400,-365,
486,-400,-300,
487,-400,-275,
489,-400,-362,
490,-400,-275,
491,-392,-275,
492,-400,-300,
493,-400,-300,
494,-400,-275,
495,-400,-300,
496,-400,-300,
497,-380,-250,
498,-400,-250,
499,-400,-275,
500,-400,-275,
501,-400,-300,
502,-400,-300,
503,-400,-300,
505,-400,-275,
506,-400,-300,
507,-400,-300,
510,-378,-250,
511,-400,-275,
512,-400,-300,
513,-385,-275,
514,-400,-300,
515,-377,-340,
516,-400,-300,
517,-377,-250,
519,-391,-275,
520,-400,-275,
521,-400,-275,
522,-371,-225,
523,-400,-275,
524,-400,-275,
525,-400,-275,
526,-400,-275,
528,-375,-250,
529,-375,-250,
530,-375,-275,
531,-375,-275,
533,-370,-275,
534,-364,-250,
536,-375,-340,
537,-375,-275,
538,-377,-275,
539,-363,-250,
540,-375,-250,
541,-375,-250,
542,-450,-250,
543,-375,-275,
544,-375,-275,
545,-350,-337,
546,-375,-275,
547,-375,-275,
548,-375,-300,
549,-375,-300,
550,-375,-275,
551,-375,-275,
552,-375,-275,
553,-375,-275,
555,-325,-254,
556,-375,-275,
557,-375,-275,
559,-355,-225,
560,-369,-250,
561,-375,-275,
562,-375,-275,
563,-375,-301,
564,-375,-275,
565,-375,-250,
566,-375,-250,
568,-375,-275,
569,-375,-275,
570,-375,-271,
571,-375,-315,
572,-356,-250,
576,-375,-250,
577,-375,-250,
578,-375,-250,
579,-375,-250,
580,-375,-250,
581,-375,-250,
582,-375,-250,
583,-350,-250,
584,-350,-250,
585,-375,-250,
586,-350,-250,
587,-350,-250,
588,-350,-250,
589,-350,-250,
590,-350,-250,
591,-341,-225,
592,-350,-250,
593,-350,-250,
594,-350,-250,
595,-350,-250,
596,-340,-295,
597,-350,-250,
598,-350,-250,
599,-350,-250,
600,-350,-250,
601,-340,-260,
602,-350,-250,
603,-334,-225,
604,-350,-250,
605,-350,-250,
606,-350,-250,
607,-350,-250,
608,-350,-225,
609,-350,-225,
610,-350,-225,
611,-350,-225,
612,-375,-250,
613,-350,-250,
614,-350,-305,
615,-338,-250,
616,-350,-250,
617,-350,-225,
619,-350,-250,
621,-350,-250,
622,-350,-250,
623,-350,-250,
624,-375,-294,
625,-350,-250,
626,-350,-250,
628,-350,-225,
629,-350,-200,
630,-350,-250,
631,-350,-225,
632,-325,-200,
633,-325,-301,
634,-350,-250,
635,-350,-250,
636,-350,-225,
637,-350,-299,
638,-331,-225,
639,-350,-225,
640,-324,-200,
641,-324,-270,
642,-320,-200,
644,-350,-225,
645,-350,-225,
646,-350,-225,
647,-325,-225,
648,-325,-294,
649,-325,-200,
650,-325,-225,
651,-325,-225,
652,-325,-225,
653,-325,-225,
654,-325,-225,
655,-325,-225,
656,-325,-225,
657,-325,-225,
658,-320,-275,
659,-325,-225,
660,-325,-225,
661,-325,-225,
662,-325,-225,
663,-325,-225,
664,-325,-287,
665,-325,-225,
666,-325,-225,
667,-350,-150,
668,-325,-200,
669,-325,-225,
670,-325,-225,
671,-325,-225,
672,-325,-225,
673,-341,-283,
674,-325,-282,
675,-314,-225,
676,-325,-225,
677,-325,-182,
678,-325,-225,
679,-325,-282,
680,-325,-200,
681,-325,-200,
682,-325,-280,
683,-311,-243,
684,-325,-225,
685,-325,-279,
686,-325,-225,
687,-325,-200,
688,-325,-225,
689,-325,-200,
690,-325,-250,
691,-325,-200,
692,-299,-200,
693,-300,-273,
695,-325,-272,
696,-325,-200,
697,-325,-200,
698,-300,-175,
699,-295,-175,
700,-302,-200,
701,-300,-200,
702,-300,-268,
703,-300,-250,
704,-300,-200,
705,-300,-250,
706,-300,-250,
707,-300,-200,
709,-300,-265,
710,-297,-200,
712,-279,-203,
713,-300,-200,
714,-300,-200,
715,-300,-200,
716,-300,-175,
718,-300,-253,
719,-294,-200,
720,-300,-200,
721,-300,-200,
722,-300,-200,
723,-300,-260,
724,-300,-175,
725,-300,-200,
726,-300,-200,
727,-295,-175,
728,-300,-200,
729,-300,-200,
730,-300,-200,
731,-300,-200,
732,-300,-200,
733,-300,-200,
734,-300,-200,
735,-300,-256,
736,-300,-200,
737,-300,-200,
738,-300,-200,
739,-300,-200,
740,-310,-200,
742,-300,-200,
743,-300,-175,
744,-283,-246,
745,-300,-200,
746,-300,-175,
747,-300,-175,
748,-300,-200,
749,-300,-200,
750,-300,-200,
751,-300,-221,
752,-325,-200,
753,-300,-249,
754,-300,-175,
755,-273,-175,
756,-300,-175,
757,-280,-150,
758,-299,-150,
759,-300,-175,
760,-300,-175,
761,-273,-175,
762,-278,-150,
763,-275,-175,
764,-275,-175,
765,-275,-175,
766,-275,-215,
767,-275,-175,
768,-274,-236,
769,-275,-175,
770,-275,-175,
771,-264,-175,
772,-275,-175,
773,-275,-175,
774,-275,-175,
776,-274,-150,
777,-275,-175,
778,-273,-175,
779,-275,-175,
780,-279,-213,
781,-270,-150,
782,-275,-175,
783,-275,-175,
784,-275,-236,
785,-250,-211,
786,-300,-175,
787,-279,-202,
788,-275,-216,
789,-272,-211,
790,-275,-234,
791,-275,-211,
792,-277,-216,
793,-261,-217,
796,-275,-175,
797,-275,-150,
798,-275,-175,
799,-275,-175,
800,-275,-230,
801,-275,-230,
802,-275,-175,
803,-265,-175,
805,-275,-200,
806,-263,-216,
807,-254,-200,
808,-275,-150,
809,-275,-175,
810,-270,-208,
811,-275,-175,
812,-259,-150,
813,-263,-225,
814,-250,-214,
815,-250,-196,
816,-250,-150,
817,-256,-211,
818,-251,-150,
819,-275,-200,
820,-275,-216,
822,-250,-209,
823,-255,-150,
824,-260,-209,
825,-275,-150,
826,-250,-216,
827,-262,-200,
828,-250,-220,
830,-250,-150,
831,-300,-221,
832,-255,-211,
833,-250,-210,
835,-250,-150,
836,-250,-150,
837,-250,-150,
838,-250,-150,
839,-250,-150,
840,-250,-150,
841,-250,-150,
842,-250,-82,
843,-250,-150,
844,-250,-150,
845,-250,-150,
846,-250,-150,
847,-250,-150,
848,-250,-150,
849,-250,-150,
851,-250,-150,
852,-257,-216,
853,-275,-204,
854,-250,-205,
855,-250,-200,
856,-259,-211,
857,-250,-150,
858,-247,-211,
859,-250,-150,
860,-250,-217,
861,-250,-217,
862,-250,-150,
864,-250,-150,
865,-250,-150,
866,-250,-212,
869,-250,-125,
870,-250,-200,
871,-250,-150,
872,-250,-150,
873,-250,-150,
874,-243,-150,
875,-250,-216,
876,-250,-216,
877,-239,-184,
878,-235,-183,
879,-249,-204,
880,-250,-125,
881,-250,-150,
882,-243,-125,
883,-250,-150,
884,-250,-150,
885,-152,-50,
886,-250,-150,
887,-250,-150,
888,-250,-150,
889,-250,-216,
890,-250,-216,
891,-245,-125,
892,-250,-216,
893,-250,-216,
894,-250,-216,
895,-250,-150,
897,-150,-50,
898,-250,-150,
899,-250,-150,
900,-250,-150,
901,-250,-150,
902,-250,-150,
903,-250,-200,
904,-245,-210,
905,-241,-150,
906,-250,-150,
907,-234,-149,
908,-242,-125,
909,-250,-150,
910,-250,-150,
912,-243,-150,
913,-250,-150,
914,-243,-125,
915,-250,-150,
916,-250,-208,
917,-250,-150,
918,-250,-150,
919,-237,-174,
921,-250,-213,
923,-239,-150,
924,-242,-200,
925,-250,-150,
926,-235,-183,
927,-250,-150,
928,-250,-150,
929,-250,-150,
930,-229,-180,
931,-240,-180,
932,-250,-150,
934,-250,-150,
935,-250,-150,
936,-250,-125,
938,-250,-172,
939,-250,-150,
940,-250,-150,
941,-250,-150,
942,-250,-150,
943,-250,-150,
944,-250,-150,
945,-250,-150,
947,-250,-150,
948,-244,-150,
949,-240,-150,
950,-250,-150,
952,-235,-170,
953,-229,-100,
957,-250,-150,
958,-250,-125,
959,-250,-150,
960,-250,-150,
961,-250,-150,
962,-250,-150,
963,-250,-150,
964,-225,-216,
965,-250,-150,
966,-251,-150,
967,-230,-125,
968,-250,-150,
969,-250,-150,
970,-250,-150,
971,-250,-150,
972,-250,-150,
973,-250,-196,
974,-250,-210,
975,-269,-210,
976,-230,-174,
977,-229,-170,
980,-250,-180,
981,-250,-210,
982,-225,-174,
983,-250,-150,
984,-250,-150,
985,-250,-100,
986,-235,-125,
987,-250,-199,
988,-250,-150,
989,-236,-218,
990,-250,-150,
991,-250,-150,
992,-235,-151,
993,-229,-174,
994,-250,-150,
995,-250,-150,
996,-238,-125,
997,-229,-177,
998,-250,-208,
999,-229,-125,
1000,-250,-150,
1001,-250,-150,
1002,-250,-150,
1003,-250,-150,
1004,-250,-208,
1006,-239,-174,
1007,-250,-125,
1008,-250,-150,
1009,-250,-150,
1010,-237,-150,
1011,-250,-150,
1013,-250,-150,
1014,-250,-150,
1015,-250,-150,
1016,-230,-125,
1017,-250,-150,
1018,-250,-150,
1019,-250,-150,
1020,-250,-150,
1021,-233,-150,
1022,-231,-150,
1023,-225,-173,
1024,-225,-172,
1025,-232,-150,
1026,-250,-150,
1027,-250,-205,
1028,-250,-150,
1029,-250,-205,
1031,-250,-204,
1032,-250,-100,
1033,-250,-150,
1034,-239,-125,
1035,-231,-125,
1036,-250,-125,
1037,-250,-150,
1038,-250,-150,
1039,-250,-150,
1041,-250,-169,
1042,-250,-150,
1043,-250,-150,
1045,-250,-203,
1046,-232,-203,
1047,-250,-203,
1049,-250,-150,
1050,-250,-150,
1051,-250,-150,
1052,-250,-189,
1053,-219,-196,
1054,-250,-150,
1055,-250,-150,
1056,-250,-150,
1057,-250,-125,
1058,-250,-150,
1060,-230,-199,
1062,-231,-125,
1063,-228,-175,
1064,-228,-187,
1065,-243,-125,
1067,-230,-152,
1069,-250,-201,
1070,-250,-150,
1071,-250,-125,
1072,-250,-125,
1073,-250,-125,
1074,-235,-125,
1075,-230,-125,
1076,-250,-150,
1077,-250,-100,
1079,-250,-150,
1080,-250,-150,
1081,-250,-100,
1082,-250,-150,
1084,-250,-164,
1085,-250,-125,
1086,-250,-175,
1088,-231,-190,
1090,-220,-176,
1091,-228,-125,
1092,-250,-196,
1093,-231,-125,
1094,-250,-125,
1095,-250,-175,
1096,-250,-125,
1097,-250,-196,
1099,-250,-125,
1100,-250,-125,
1101,-250,-125,
1102,-250,-125,
1103,-227,-125,
1104,-250,-125,
1105,-224,-125,
1106,-250,-197,
1107,-250,-197,
1109,-226,-125,
1110,-230,-125,
1111,-220,-100,
1113,-250,-125,
1114,-229,-125,
1115,-219,-125,
1116,-250,-125,
1117,-219,-100,
1118,-222,-100,
1119,-250,-196,
1123,-250,-196,
1124,-250,-196,
1125,-220,-167,
1127,-250,-125,
1128,-275,-180,
1129,-250,-125,
1130,-250,-125,
1131,-221,-100,
1132,-220,-125,
1133,-250,-125,
1134,-228,-160,
1135,-223,-100,
1137,-225,-175,
1138,-225,-100,
1139,-225,-100,
1140,-225,-100,
1141,-225,-125,
1143,-225,-194,
1145,-225,-194,
1146,-225,-194,
1147,-225,-125,
1148,-225,-100,
1149,-225,-125,
1151,-221,-125,
1152,-225,-125,
1154,-226,-125,
1157,-225,-174,
1158,-225,-125,
1160,-225,-193,
1161,-225,-193,
1162,-225,-193,
1163,-230,-125,
1164,-225,-125,
1165,-225,-125,
1166,-225,-125,
1167,-225,-125,
1168,-218,-125,
1169,-225,-125,
1170,-219,-180,
1171,-225,-125,
1172,-219,-100,
1173,-209,-100,
1174,-225,-125,
1175,-225,-175,
1176,-225,-125,
1177,-225,-175,
1178,-225,-125,
1179,-225,-125,
1180,-210,-125,
1181,-225,-125,
1182,-220,-100,
1183,-225,-100,
1184,-225,-125,
1185,-225,-190,
1186,-225,-125,
1187,-215,-100,
1188,-230,-167,
1190,-225,-125,
1191,-221,-125,
1192,-225,-125,
1193,-225,-100,
1194,-222,-125,
1195,-225,-125,
1196,-225,-125,
1197,-225,-125,
1198,-225,-125,
1200,-219,-100,
1201,-224,-100,
1204,-222,-125,
1205,-230,-100,
1206,-225,-125,
1207,-225,-125,
1208,-225,-125,
1209,-225,-125,
1212,-217,-100,
1213,-225,-125,
1214,-217,-100,
1215,-216,-125,
1216,-217,-125,
1217,-225,-125,
1218,-225,-125,
1219,-219,-176,
1220,-225,-186,
1221,-225,-125,
1222,-230,-180,
1223,-225,-125,
1224,-225,-125,
1225,-225,-125,
1226,-225,-125,
1227,-250,-125,
1228,-225,-125,
1229,-230,-169,
1231,-225,-125,
1232,-220,-100,
1233,-225,-100,
1234,-225,-100,
1235,-225,-125,
1236,-225,-125,
1237,-225,-125,
1238,-225,-125,
1239,-229,-184,
1240,-218,-125,
1241,-225,-183,
1242,-219,-172,
1243,-225,-125,
1244,-225,-125,
1245,-225,-125,
1246,-225,-125,
1247,-225,-100,
1248,-204,-75,
1249,-225,-125,
1250,-225,-125,
1251,-217,-100,
1253,-225,-100,
1254,-225,-125,
1255,-238,-125,
1256,-225,-125,
1257,-225,-125,
1258,-225,-125,
1259,-225,-100,
1260,-225,-125,
1262,-225,-125,
1263,-225,-100,
1264,-225,-125,
1265,-201,-75,
1266,-199,-100,
1267,-225,-125,
1268,-225,-125,
1269,-225,-100,
1270,-203,-100,
1271,-225,-100,
1272,-225,-100,
1273,-225,-150,
1274,-225,-125,
1275,-213,-100,
1276,-225,-125,
1277,-225,-180,
1278,-216,-100,
1279,-211,-100,
1281,-225,-125,
1282,-225,-125,
1283,-225,-100,
1284,-225,-125,
1285,-215,-150,
1286,-196,-75,
1287,-225,-125,
1288,-225,-100,
1289,-225,-100,
1290,-225,-100,
1291,-215,-100,
1292,-225,-125,
1295,-225,-100,
1296,-225,-100,
1297,-225,-125,
1298,-225,-125,
1300,-225,-125,
1301,-225,-125,
1302,-225,-125,
1303,-225,-125,
1304,-225,-100,
1305,-225,-178,
1306,-225,-125,
1308,-225,-100,
1309,-225,-125,
1310,-225,-125,
1311,-225,-125,
1312,-219,-100,
1314,-225,-125,
1315,-225,-125,
1318,-208,-148,
1319,-225,-125,
1320,-225,-150,
1321,-225,-100,
1322,-225,-125,
1323,-209,-170,
1324,-225,-100,
1325,-225,-100,
1326,-225,-100,
1327,-225,-100,
1328,-225,-100,
1329,-225,-100,
1330,-225,-100,
1331,-225,-100,
1332,-225,-150,
1333,-225,-100,
1334,-225,-100,
1335,-225,-100,
1336,-210,-100,
1337,-200,-100,
1338,-201,-100,
1340,-225,-100,
1341,-225,-173,
1342,-225,-100,
1343,-225,-100,
1344,-225,-100,
1345,-225,-100,
1346,-225,-100,
1347,-225,-100,
1348,-225,-100,
1350,-225,-100,
1352,-225,-100,
1353,-212,-100,
1354,-225,-100,
1355,-225,-100,
1356,-209,-162,
1357,-225,-100,
1358,-225,-100,
1359,-225,-100,
1360,-225,-100,
1362,-205,-121,
1363,-225,-100,
1364,-225,-100,
1365,-225,-100,
1366,-200,-125,
1367,-225,-100,
1369,-225,-100,
1370,-225,-100,
1372,-225,-100,
1373,-209,-100,
1374,-225,-100,
1375,-225,-100,
1376,-225,-100,
1377,-203,-100,
1378,-225,-100,
1379,-225,-100,
1380,-225,-100,
1382,-225,-100,
1383,-225,-100,
1384,-199,-75,
1385,-225,-100,
1386,-225,-100,
1387,-225,-163,
1388,-225,-100,
1389,-225,-100,
1390,-225,-75,
1391,-225,-100,
1392,-225,-150,
1393,-225,-100,
1394,-200,-100,
1395,-200,-100,
1396,-205,-141,
1397,-200,-100,
1398,-200,-100,
1399,-200,-100,
1400,-200,-100,
1403,-200,-100,
1404,-196,-125,
1405,-200,-100,
1406,-199,-154,
1407,-200,-100,
1408,-200,-100,
1409,-200,-100,
1410,-200,-100,
1411,-200,-100,
1412,-200,-100,
1413,-200,-100,
1414,-200,-100,
1415,-200,-161,
1416,-200,-100,
1417,-191,-130,
1418,-200,-100,
1420,-195,-75,
1421,-200,-100,
1422,-189,-130,
1423,-200,-100,
1424,-190,-115,
1425,-225,-100,
1426,-200,-100,
1427,-200,-100,
1428,-200,-100,
1429,-225,-100,
1430,-200,-100,
1431,-200,-100,
1433,-200,-152,
1434,-200,-100,
1435,-200,-100,
1436,-200,-100,
1437,-200,-100,
1438,-200,-100,
1439,-200,-164,
1440,-200,-100,
1441,-200,-100,
1442,-200,-100,
1443,-200,-100,
1444,-200,-100,
1445,-200,-100,
1446,-200,-100,
1447,-200,-100,
1448,-200,-100,
1449,-189,-100,
1450,-200,-100,
1451,-200,-100,
1452,-179,-130,
1453,-200,-100,
1454,-200,-100,
1455,-200,-100,
1456,-200,-100,
1457,-200,-100,
1460,-204,-100,
1461,-200,-100,
1462,-200,-100,
1463,-200,-100,
1464,-200,-100,
1465,-199,-124,
1466,-199,-152,
1468,-200,-75,
1469,-200,-100,
1470,-200,-100,
1471,-200,-75,
1472,-200,-100,
1473,-200,-100,
1474,-200,-75,
1475,-200,-75,
1476,-200,-100,
1479,-200,-100,
1480,-196,-75,
1481,-200,-155,
1482,-200,-100,
1483,-200,-75,
1484,-200,-100,
1485,-187,-75,
1486,-200,-154,
1487,-200,-100,
1489,-200,-100,
1492,-180,-75,
1494,-200,-100,
1495,-193,-75,
1496,-200,-100,
1497,-200,-100,
1498,-200,-100,
1499,-200,-75,
1500,-169,-130,
1502,-191,-75,
1503,-200,-75,
1504,-185,-129,
1506,-180,-75,
1507,-200,-148,
1508,-200,-75,
1509,-200,-75,
1510,-177,-50,
1511,-177,-75,
1512,-200,-75,
1513,-180,-132,
1514,-200,-75,
1515,-200,-75,
1516,-200,-100,
1518,-200,-75,
1519,-200,-75,
1520,-200,-75,
1521,-200,-75,
1522,-200,-146,
1523,-165,-50,
1524,-190,-125,
1525,-162,-133,
1529,-200,-75,
1530,-200,-75,
1531,-200,-125,
1532,-200,-75,
1533,-179,-125,
1534,-200,-75,
1535,-200,-75,
1536,-200,-75,
1537,-200,-75,
1538,-200,-75,
1541,-200,-75,
1542,-181,-75,
1543,-200,-75,
1544,-200,-75,
1545,-182,-75,
1546,-200,-75,
1547,-200,-75,
1548,-172,-75,
1549,-200,-75,
1550,-175,-75,
1551,-184,-75,
1552,-184,-50,
1553,-180,-100,
1554,-175,-75,
1555,-175,-75,
1556,-183,-75,
1557,-175,-75,
1558,-175,-75,
1559,-175,-75,
1560,-160,-75,
1561,-175,-75,
1562,-175,-141,
1563,-200,-75,
1565,-181,-75,
1566,-175,-140,
1567,-180,-114,
1568,-175,-130,
1569,-175,-75,
1570,-175,-75,
1571,-175,-140,
1572,-200,-75,
1573,-179,-75,
1574,-175,-75,
1575,-180,-75,
1576,-190,-75,
1577,-175,-75,
1578,-175,-75,
1579,-175,-137,
1581,-175,-75,
1582,-175,-75,
1583,-170,-50,
1584,-175,-75,
1585,-175,-75,
1589,-175,-75,
1590,-175,-100,
1591,-185,-131,
1592,-175,-75,
1594,-164,-100,
1595,-143,-100,
1596,-158,-75,
1597,-175,-75,
1598,-154,-121,
1599,-175,-75,
1600,-175,-129,
1601,-175,-75,
1602,-175,-75,
1603,-175,-75,
1604,-175,-75,
1605,-175,-75,
1606,-175,-75,
1607,-163,-75,
1608,-175,-75,
1609,-175,-75,
1612,-175,-75,
1613,-170,-87,
1614,-175,-75,
1615,-175,-100,
1616,-175,-75,
1617,-175,-75,
1618,-175,-50,
1620,-175,-75,
1621,-175,-75,
1622,-163,-75,
1623,-163,-119,
1624,-168,-121,
1626,-175,-75,
1627,-175,-50,
1628,-175,-75,
1629,-150,-50,
1630,-169,-103,
1631,-175,-75,
1632,-175,-75,
1633,-175,-50,
1634,-175,-50,
1635,-175,-50,
1636,-166,-50,
1637,-175,-75,
1638,-154,-50,
1639,-175,-57,
1642,-175,-50,
1643,-175,-50,
1644,-175,-50,
1645,-162,-88,
1646,-140,-113,
1648,-175,-50,
1649,-161,-103,
1650,-175,-50,
1651,-155,-109,
1652,-175,-50,
1653,-175,-50,
1655,-175,-50,
1656,-175,-118,
1657,-161,-50,
1658,-175,-50,
1660,-158,-86,
1662,-149,-50,
1663,-154,-50,
1665,-175,-50,
1666,-155,-50,
1667,-175,-25,
1668,-175,-50,
1669,-175,-50,
1670,-175,-50,
1671,-175,-50,
1674,-175,-50,
1675,-160,-120,
1676,-150,-50,
1677,-175,-50,
1678,-150,-50,
1679,-140,-91,
1680,-175,-50,
1682,-157,-100,
1683,-150,-105,
1686,-175,-50,
1687,-175,-50,
1689,-175,-50,
1692,-140,-82,
1693,-152,-75,
1695,-154,-111,
1696,-175,-50,
1697,-150,-50,
1698,-140,-114,
1700,-150,-113,
1701,-157,-50,
1702,-175,-50,
1703,-150,-50,
1704,-150,-50,
1705,-143,-87,
1706,-150,-50,
1707,-150,-50,
1712,-150,-107,
1713,-150,-111,
1714,-150,-50,
1715,-150,-107,
1716,-150,-50,
1718,-151,-50,
1719,-150,-50,
1720,-149,-50,
1722,-142,-50,
1723,-150,-50,
1724,-150,-50,
1725,-150,-50,
1726,-150,-50,
1727,-150,-50,
1728,-142,-89,
1730,-150,-50,
1731,-149,-87,
1732,-150,-50,
1733,-150,-25,
1734,-142,-100,
1735,-150,-109,
1739,-150,-100,
1740,-150,-25,
1741,-150,-50,
1742,-143,-50,
1743,-154,-75,
1744,-140,-25,
1745,-150,-50,
1746,-138,-78,
1747,-150,-50,
1748,-140,-100,
1749,-150,-103,
1750,-147,-50,
1751,-150,-50,
1752,-150,-50,
1753,-141,-91,
1754,-150,-25,
1755,-150,-50,
1756,-119,-91,
1757,-150,-88,
1758,-150,-50,
1759,-150,-100,
1760,-150,-50,
1762,-150,-50,
1763,-139,-89,
1764,-136,-25,
1765,-150,-50,
1766,-133,-100,
1767,-132,-87,
1768,-175,-50,
1769,-150,-104,
1770,-150,-50,
1771,-150,-50,
1773,-150,-50,
1774,-135,-25,
1775,-150,-50,
1776,-150,-89,
1777,-150,-82,
1778,-150,-25,
1779,-150,-50,
1780,-150,-87,
1781,-150,-102,
1782,-150,-50,
1783,-150,-102,
1784,-150,-25,
1785,-150,-50,
1786,-150,-102,
1787,-175,-25,
1788,-150,-50,
1789,-100,0,
1790,-150,-50,
1791,-150,-25,
1792,-150,-25,
1794,-150,-50,
1795,-150,-25,
1796,-131,-90,
1797,-150,-50,
1798,-130,-87,
1799,-175,-25,
1800,-149,-50,
1801,-150,-25,
1802,-135,-85,
1803,-150,-100,
1804,-150,-98,
1805,-129,-88,
1806,-130,-98,
1807,-150,-76,
1808,-200,-100,
1809,-150,-100,
1811,-150,-75,
1812,-150,-25,
1813,-150,-25,
1814,-134,-44,
1815,-139,-71,
1816,-150,-82,
1817,-150,-25,
1818,-123,-71,
1819,-136,-25,
1820,-125,-25,
1821,-150,-25,
1822,-135,-50,
1824,-150,-25,
1825,-150,-25,
1826,-148,-49,
1828,-125,-90,
1829,-150,-25,
1830,-175,-25,
1831,-150,-25,
1832,-125,-25,
1833,-150,-25,
1834,-150,-25,
1835,-124,-82,
1836,-150,-25,
1837,-125,-90,
1839,-125,-25,
1841,-150,-89,
1842,-139,-25,
1843,-129,-82,
1845,-125,-25,
1847,-150,-25,
1848,-125,-25,
1849,-125,-90,
1850,-125,-25,
1851,-125,-50,
1853,-125,-25,
1854,-150,-56,
1860,-125,-25,
1861,-125,-25,
1863,-125,-25,
1864,-125,-25,
1865,-119,-59,
1866,-124,-73,
1867,-125,-25,
1868,-125,-25,
1869,-125,-25,
1870,-125,-25,
1871,-125,-84,
1872,-130,-87,
1873,-130,-87,
1874,-125,-90,
1875,-125,-25,
1876,-119,-53,
1877,-124,-83,
1878,-150,-50,
1880,-125,-25,
1881,-125,-25,
1882,-129,-25,
1883,-125,-87,
1884,-125,-91,
1885,-125,-25,
1886,-124,-88,
1887,-125,-25,
1888,-175,-50,
1889,-129,-64,
1891,-130,0,
1892,-125,-25,
1894,-125,-89,
1895,-125,-25,
1896,-125,0,
1897,-125,-25,
1898,-125,-25,
1900,-125,-25,
1901,-150,-25,
1902,-114,-50,
1903,-117,-56,
1904,-125,-25,
1905,-125,-25,
1908,-125,-25,
1909,-125,0,
1910,-125,-50,
1911,-125,-25,
1912,-125,0,
1913,-125,-87,
1914,-125,-25,
1915,-125,-25,
1916,-125,-25,
1917,-125,-25,
1918,-125,-25,
1919,-125,-25,
1920,-125,-89,
1922,-125,-25,
1924,-125,-25,
1928,-125,-87,
1929,-125,-82,
1930,-125,0,
1931,-125,-25,
1932,-124,-25,
1933,-125,-88,
1934,-125,-70,
1935,-125,-25,
1936,-125,-25,
1937,-125,-25,
1938,-125,-86,
1939,-120,-25,
1940,-125,-82,
1941,-125,-87,
1942,-115,-25,
1944,-125,-25,
1945,-125,-25,
1946,-115,-85,
1947,-111,-82,
1949,-119,-59,
1951,-125,-25,
1952,-125,-25,
1955,-125,-25,
1956,-125,-87,
1957,-100,-44,
1959,-125,-25,
1960,-125,-75,
1961,-125,-25,
1962,-125,-25,
1963,-116,-27,
1964,-150,-83,
1965,-125,-50,
1966,-125,-25,
1967,-125,-41,
1969,-125,25,
1970,-125,-80,
1971,-125,-75,
1972,-125,-25,
1973,-117,-77,
1974,-114,-46,
1976,-106,-48,
1977,-125,-82,
1978,-125,-25,
1979,-125,-25,
1980,-125,-80,
1981,-115,-53,
1982,-116,0,
1983,-108,-82,
1984,-125,-82,
1985,-125,-25,
1986,-125,-72,
1987,-125,-25,
1988,-125,-25,
1989,-125,-80,
1990,-125,-25,
1991,-125,-81,
1992,-99,0,
1993,-125,-77,
1995,-125,-82,
1996,-125,-82,
1997,-125,-25,
1998,-125,-62,
1999,-125,-25,
2001,-125,-25,
2002,-125,-25,
2003,-124,-82,
2004,-125,-82,
2005,-125,-25,
2006,-125,-25,
2007,-125,-75,
2008,-125,-25,
2009,-125,-25,
2010,-125,-25,
2011,-125,-80,
2012,-114,-63,
2013,-125,-71,
2014,-125,-25,
2015,-125,-25,
2017,-125,-25,
2018,-125,-81,
2019,-125,-25,
2020,-125,-75,
2021,-119,-50,
2022,-125,-80,
2023,-120,-25,
2024,-125,-75,
2025,-125,-25,
2026,-120,0,
2027,-105,-58,
2028,-125,25,
2030,-125,-25,
2031,-119,-25,
2032,-125,0,
2033,-125,-75,
2034,-150,-79,
2035,-118,-67,
2036,-125,-74,
2037,-125,-25,
2038,-125,-50,
2040,-99,-59,
2041,-125,-25,
2042,-125,-45,
2043,-125,-25,
2044,-110,-40,
2045,-108,-25,
2048,-125,-77,
2049,-125,-69,
2050,-125,0,
2051,-125,0,
2052,-109,-76,
2053,-125,-73,
2055,-125,-25,
2056,-125,-77,
2057,-125,-71,
2058,-125,-71,
2059,-125,-25,
2060,-125,-25,
2061,-125,-25,
2062,-100,-25,
2063,-125,-50,
2064,-115,0,
2066,-115,0,
2067,-125,0,
2068,-125,0,
2069,-125,-25,
2070,-108,-46,
2071,-125,0,
2072,-106,-43,
2074,-125,-46,
2075,-108,0,
2076,-125,0,
2077,-125,-71,
2078,-109,0,
2079,-125,0,
2080,-125,0,
2081,-117,0,
2082,-100,-45,
2085,-125,0,
2086,-125,0,
2087,-125,0,
2088,-106,-43,
2089,-125,0,
2090,-125,0,
2091,-125,0,
2092,-125,0,
2093,-125,0,
2094,-125,0,
2095,-125,0,
2096,-125,0,
2097,-125,0,
2098,-125,-72,
2099,-125,-50,
2100,-125,-73,
2101,-125,0,
2102,-125,0,
2103,-108,-66,
2104,-125,0,
2105,-125,0,
2106,-125,-41,
2107,-104,0,
2109,-125,0,
2110,-125,0,
2111,-125,0,
2112,-125,0,
2113,-125,0,
2114,-125,0,
2115,-125,0,
2116,-125,0,
2117,-125,0,
2118,-125,0,
2119,-111,-54,
2120,-107,-56,
2121,-100,0,
2122,-100,0,
2125,-125,-50,
2126,-125,-50,
2127,-125,-50,
2128,-125,-50,
2130,-100,25,
2131,-125,25,
2132,-125,-50,
2133,-125,-50,
2134,-125,0,
2135,-125,-50,
2136,-125,0,
2137,-125,0,
2138,-125,0,
2140,-97,-48,
2141,-125,0,
2142,-125,0,
2143,-125,0,
2144,-125,0,
2145,-125,0,
2146,-125,-71,
2147,-125,0,
2148,-125,-71,
2149,-125,-71,
2150,-150,-68,
2151,-125,-61,
2152,-125,0,
2154,-125,0,
2155,-125,-50,
2156,-125,0,
2157,-120,0,
2159,-125,0,
2160,-125,0,
2162,-125,0,
2163,-109,25,
2164,-110,-50,
2165,-125,0,
2166,-125,0,
2167,-125,0,
2168,-125,25,
2169,-125,0,
2170,-105,0,
2173,-125,0,
2175,-100,0,
2176,-100,0,
2177,-109,-50,
2178,-125,-25,
2179,-99,-47,
2180,-100,0,
2181,-100,-50,
2182,-100,25,
2184,-125,0,
2186,-100,0,
2189,-100,0,
2190,-100,0,
2191,-100,-57,
2192,-100,-64,
2193,-105,0,
2195,-110,-56,
2196,-100,-56,
2197,-100,0,
2198,-89,-46,
2199,-100,0,
2200,-100,0,
2201,-100,0,
2202,-100,0,
2203,-100,0,
2204,-100,0,
2205,-110,-46,
2206,-100,0,
2207,-100,0,
2208,-100,-25,
2211,-100,0,
2212,-100,0,
2213,-100,0,
2214,-100,0,
2215,-100,0,
2216,-102,-43,
2219,-91,-52,
2220,-125,0,
2222,-107,-25,
2223,-100,0,
2224,-100,0,
2225,-100,-41,
2226,-100,-44,
2227,-100,0,
2228,-100,0,
2229,-100,0,
2230,-100,-50,
2231,-100,0,
2233,-100,0,
2234,-100,-47,
2235,-100,0,
2236,-100,0,
2237,-100,0,
2238,-100,0,
2241,-95,-46,
2242,-100,-48,
2243,-100,0,
2244,-100,0,
2246,-100,0,
2247,-100,0,
2248,-125,-50,
2249,-100,0,
2250,-125,-25,
2252,-100,0,
2253,-100,-45,
2254,-70,-35,
2256,-100,0,
2257,-125,0,
2258,-100,0,
2259,-100,25,
2260,-100,0,
2261,-99,-50,
2262,-92,0,
2263,-100,0,
2264,-98,-48,
2265,-100,-44,
2266,-100,25,
2267,-125,25,
2268,-100,0,
2270,-100,0,
2271,-106,0,
2272,-102,-48,
2273,-100,0,
2274,-100,-64,
2275,-100,0,
2276,-125,25,
2277,-100,0,
2279,-100,-50,
2280,-92,-46,
2281,-100,0,
2282,-100,0,
2284,-100,0,
2286,-103,-59,
2287,-125,0,
2289,-100,0,
2290,-100,-47,
2291,-100,-25,
2292,-100,-45,
2293,-100,0,
2294,-100,0,
2295,-100,-25,
2296,-100,-25,
2297,-95,-41,
2299,-100,0,
2300,-89,-46,
2301,-100,0,
2303,-100,25,
2305,-100,0,
2306,-100,0,
2307,-100,0,
2308,-100,-43,
2310,-100,0,
2311,-125,25,
2312,-100,-25,
2313,-89,-20,
2314,-100,0,
2315,-100,0,
2316,-89,-43,
2317,-100,0,
2318,-100,0,
2319,-100,0,
2320,-100,0,
2321,-125,-40,
2323,-100,0,
2324,-100,25,
2325,-100,-25,
2326,-100,0,
2328,-90,25,
2329,-100,0,
2330,-100,0,
2331,-100,0,
2332,-100,25,
2333,-100,0,
2334,-100,0,
2336,-100,-43,
2338,-100,0,
2340,-99,25,
2341,-90,-13,
2344,-125,0,
2346,-100,0,
2347,-95,-46,
2348,-100,-47,
2349,-100,-45,
2350,-99,25,
2351,-100,0,
2352,-90,-42,
2356,-98,-48,
2357,-100,-25,
2358,-100,-43,
2359,-100,-46,
2360,-100,25,
2361,-100,0,
2363,-100,0,
2364,-100,0,
2365,-99,25,
2366,-89,-57,
2367,-100,25,
2368,-100,0,
2369,-100,-54,
2370,-100,-43,
2371,-100,-54,
2372,-82,-53,
2373,-100,-56,
2374,-83,-46,
2375,-97,-47,
2376,-100,-41,
2377,-100,-41,
2379,-100,-45,
2381,-100,-48,
2382,-100,0,
2383,-100,25,
2385,-100,0,
2386,-100,25,
2389,-100,25,
2390,-100,0,
2391,-100,0,
2392,-83,-30,
2393,-125,0,
2394,-75,-42,
2396,-100,-40,
2397,-100,-44,
2398,-95,-45,
2399,-100,25,
2401,-100,-44,
2402,-100,0,
2403,-100,25,
2404,-100,0,
2405,-125,0,
2406,-100,0,
2407,-100,25,
2408,-100,25,
2409,-100,25,
2411,-100,0,
2412,-100,0,
2413,-100,0,
2414,-100,0,
2416,-100,0,
2417,-82,-48,
2418,-100,0,
2419,-100,-50,
2420,-100,0,
2421,-100,0,
2422,-100,-43,
2423,-100,0,
2424,-100,25,
2426,-100,25,
2427,-100,25,
2428,-100,0,
2429,-86,-35,
2430,-99,25,
2432,-100,0,
2433,-99,25,
2434,-100,25,
2435,-100,25,
2436,-100,25,
2437,-100,25,
2438,-100,-25,
2439,-100,0,
2440,-75,25,
2441,-100,0,
2442,-100,-41,
2443,-100,-49,
2444,-100,0,
2445,-100,0,
2446,-100,-54,
2447,-100,-53,
2449,-79,-43,
2450,-89,0,
2451,-100,-53,
2452,-100,-53,
2453,-100,0,
2455,-100,-45,
2456,-100,25,
2457,-100,25,
2458,-82,-42,
2459,-85,-42,
2461,-100,25,
2462,-100,0,
2463,-100,0,
2464,-85,-53,
2465,-85,-53,
2466,-100,25,
2467,-100,25,
2468,-100,25,
2472,-100,0,
2473,-100,0,
2474,-100,25,
2476,-100,0,
2477,-100,25,
2478,-100,-50,
2479,-100,25,
2480,-125,25,
2481,-79,-47,
2482,-100,25,
2483,-100,0,
2484,-100,0,
2485,-100,0,
2486,-100,25,
2487,-100,0,
2488,-100,0,
2489,-100,-43,
2490,-100,0,
2491,-100,25,
2493,-100,0,
2494,-100,0,
2495,-89,-43,
2496,-100,25,
2497,-80,-42,
2498,-100,25,
2499,-100,0,
2500,-100,25,
2501,-100,25,
2502,-100,-51,
2503,-100,0,
2504,-100,25,
2506,-100,-30,
2507,-100,0,
2508,-100,25,
2510,-100,25,
2511,-100,0,
2512,-100,25,
2513,-100,25,
2515,-69,-43,
2516,-100,-50,
2518,-90,0,
2519,-100,25,
2520,-100,-42,
2521,-95,-17,
2522,-100,-47,
2523,-100,25,
2524,-100,25,
2525,-100,25,
2527,-100,25,
2528,-100,25,
2529,-100,25,
2534,-89,25,
2536,-119,-26,
2537,-100,-25,
2538,-100,25,
2539,-100,25,
2540,-100,25,
2541,-100,25,
2542,-100,-42,
2543,-100,0,
2544,-100,25,
2547,-100,25,
2548,-100,25,
2549,-100,-49,
2550,-79,0,
2552,-100,25,
2553,-76,4,
2554,-100,-42,
2555,-100,25,
2557,-100,25,
2558,-100,25,
2559,-100,-46,
2560,-100,0,
2561,-100,25,
2562,-100,25,
2563,-65,0,
2564,-100,25,
2565,-100,25,
2566,-100,25,
2567,-125,25,
2568,-100,25,
2570,-100,25,
2571,-89,-33,
2572,-100,-48,
2573,-90,-42,
2574,-100,25,
2575,-100,25,
2576,-100,-46,
2577,-100,25,
2578,-100,-30,
2579,-100,25,
2580,-100,25,
2581,-100,25,
2582,-100,25,
2583,-100,25,
2584,-100,25,
2585,-100,25,
2586,-100,25,
2587,-100,25,
2588,-100,-39,
2589,-100,25,
2591,-100,25,
2593,-100,25,
2594,-100,25,
2595,-100,25,
2596,-100,25,
2597,-63,14,
2598,-100,25,
2600,-100,25,
2601,-100,25,
2602,-100,-25,
2605,-100,-43,
2606,-100,25,
2608,-100,25,
2609,-100,25,
2610,-100,-46,
2611,-100,-42,
2612,-100,25,
2613,-100,25,
2614,-100,25,
2615,-100,25,
2617,-100,-46,
2618,-100,-30,
2619,-100,-45,
2620,-100,25,
2621,-100,25,
2622,-100,25,
2623,-100,25,
2625,-100,25,
2626,-75,25,
2627,-100,25,
2628,-100,25,
2629,-75,25,
2630,-100,25,
2631,-100,25,
2632,-66,-43,
2633,-100,-42,
2634,-100,-30,
2635,-100,25,
2637,-100,-43,
2638,-98,-37,
2639,-100,0,
2640,-100,-25,
2641,-100,25,
2643,-100,25,
2644,-100,25,
2645,-100,-44,
2647,-100,25,
2648,-100,25,
2649,-100,25,
2650,-100,25,
2651,-100,25,
2652,-100,25,
2653,-100,25,
2654,-100,25,
2655,-100,25,
2656,-100,25,
2659,-75,25,
2661,-100,25,
2662,-75,-41,
2663,-125,-25,
2664,-75,25,
2665,-100,25,
2666,-100,25,
2667,-100,-41,
2669,-75,-43,
2670,-75,25,
2671,-100,25,
2673,-75,25,
2674,-75,25,
2675,-75,25,
2676,-75,25,
2677,-75,-43,
2678,-100,-43,
2679,-75,-40,
2680,-75,25,
2681,-75,-44,
2684,-100,25,
2685,-75,25,
2686,-75,-42,
2687,-150,25,
2689,-75,25,
2690,-75,25,
2691,-75,25,
2692,-75,-30,
2697,-75,-43,
2699,-75,-31,
2700,-75,25,
2701,-100,-41,
2703,-75,25,
2705,-75,25,
2706,-100,25,
2708,-75,-41,
2709,-75,-43,
2710,-75,25,
2711,-89,0,
2712,-75,-43,
2713,-85,0,
2714,-100,25,
2715,-75,25,
2716,-100,25,
2717,-75,25,
2718,-75,-43,
2719,-75,25,
2720,-75,-42,
2721,-75,25,
2723,-75,-30,
2724,-75,25,
2725,-75,0,
2726,-75,25,
2727,-75,25,
2728,-75,-30,
2729,-75,50,
2730,-75,25,
2731,-65,-8,
2732,-75,25,
2736,-75,25,
2737,-75,25,
2738,-75,25,
2739,-75,-32,
2740,-75,25,
2741,-75,-30,
2742,-75,-42,
2743,-100,25,
2744,-75,-42,
2747,-69,0,
2749,-75,-2,
2750,-75,25,
2751,-75,25,
2752,-75,-43,
2754,-75,-42,
2755,-75,25,
2757,-75,25,
2758,-64,13,
2760,-75,25,
2761,-75,25,
2762,-75,25,
2763,-75,25,
2765,-75,25,
2766,-75,25,
2767,-75,25,
2768,-75,-42,
2769,-75,-40,
2770,-75,25,
2771,-75,25,
2773,-75,25,
2774,-100,-46,
2775,-75,-42,
2776,-75,25,
2777,-75,-39,
2778,-75,-42,
2781,-75,25,
2782,-75,25,
2783,-75,25,
2786,-75,25,
2788,-75,-40,
2790,-75,25,
2791,-75,-42,
2792,-75,25,
2794,-75,25,
2795,-75,25,
2796,-75,25,
2797,-75,-42,
2799,-75,25,
2800,-75,25,
2801,-75,25,
2802,-75,25,
2803,-75,25,
2804,-75,25,
2806,-80,0,
2807,-75,-40,
2808,-64,-12,
2809,-75,25,
2810,-75,25,
2811,-75,25,
2813,-75,25,
2814,-75,25,
2815,-75,25,
2816,-69,-26,
2817,-75,-41,
2819,-100,-25,
2821,-79,25,
2822,-80,0,
2823,-73,7,
2829,-75,25,
2830,-75,25,
2831,-75,25,
2832,-75,-35,
2834,-69,0,
2835,-75,25,
2836,-100,-40,
2840,-79,0,
2841,-75,25,
2843,-75,25,
2848,-75,25,
2849,-75,25,
2850,-75,-8,
2851,-75,25,
2852,-75,25,
2853,-75,25,
2854,-75,-36,
2856,-75,25,
2857,-39,19,
2859,-75,-35,
2860,-75,-25,
2861,-80,25,
2863,-75,25,
2865,-75,25,
2867,-75,0,
2869,-75,25,
2870,-75,-36,
2871,-75,25,
2872,-75,25,
2873,-75,25,
2874,-75,-36,
2875,-75,25,
2880,-75,25,
2881,-75,25,
2882,-75,25,
2885,-75,25,
2888,-75,25,
2889,-75,25,
2890,-100,25,
2892,-75,-35,
2895,-69,-13,
2896,-75,25,
2898,-75,25,
2903,-75,25,
2905,-75,25,
2906,-75,25,
2907,-75,25,
2908,-75,25,
2909,-75,25,
2910,-75,25,
2911,-75,25,
2912,-75,25,
2913,-80,-20,
2914,-70,0,
2915,-75,25,
2916,-75,25,
2918,-75,0,
2919,-75,25,
2920,-75,25,
2921,-75,25,
2923,-75,25,
2924,-75,25,
2927,-79,0,
2929,-59,-12,
2930,-75,25,
2931,-75,0,
2933,-50,0,
2934,-50,0,
2939,-250,-125,
2940,-350,-150,
2941,-100,50,
2942,-250,25,
2943,-250,-216,
2944,-175,-50,
2945,-75,25,
2946,-100,25,
2947,-50,-12,
2948,-450,-150,
2949,-75,25,
2951,-125,-25,
2952,-100,25,
2953,-100,100,
2954,-125,-25,
2955,-100,50,
2956,-450,-150,
2957,-350,-50,
2958,-100,25,
2959,-175,-50,
2960,-150,50,
2961,-100,50,
2963,-75,-25,
2965,-75,-25,
2967,-250,-50,
2968,-100,50,
2969,-125,-25,
2970,-150,-22,
2971,-100,25,
2972,-100,-25,
2973,-159,-95,
2976,-250,-100,
2977,-100,25,
2978,-75,-29,
2979,-100,50,
2980,-75,25,
2981,-100,25,
2985,-100,25,
2986,-250,-150,
2987,-350,-150,
2988,-200,-50,
2989,-350,-150,
2990,-150,50,
2991,-75,25,
2992,-550,25,
2993,-150,50,
2994,-550,25,
2996,-100,0,
2997,-100,0,
2998,-525,25,
2999,-100,0,
3000,-100,0,
3001,-225,-100,
3003,-525,25,
3004,-525,25,
3005,-525,25,
3006,-100,0,
3007,-100,0,
3008,-125,-25,
3010,-525,25,
3011,-500,-50,
3012,-300,-100,
3013,-525,25,
3014,-175,-75,
3015,-75,25,
3016,-275,-50,
3017,-225,-100,
3018,-150,-25,
3019,-100,25,
3020,-525,25,
3021,-125,-25,
3022,-225,-125,
3023,-200,-100,
3024,-275,-175,
3025,-250,-50,
3026,-75,25,
3027,-525,25,
3028,-125,-25,
3029,-150,-25,
3030,-100,50,
3031,-125,-25,
3032,-100,0,
3034,-100,0,
3035,-75,25,
3036,-125,-25,
3037,-100,100,
3038,-250,-50,
3039,-550,25,
3040,-75,25,
3041,-101,-48,
3042,-101,0,
3044,-75,25,
3045,-125,-25,
3047,-175,-75,
3049,-75,25,
3050,-75,25,
3051,-125,-25,
3052,-75,25,
3053,-125,-25,
3054,-150,50,
3055,-150,25,
3056,-100,0,
3057,-125,25,
3059,-100,25,
3060,-275,-175,
3061,-75,25,
3062,-100,-46,
3063,-125,-25,
3064,-250,50,
3066,-100,0,
3067,-100,0,
3068,-150,25,
3069,-100,0,
3070,-100,0,
3071,-100,25,
3072,-100,0,
3073,-100,0,
3074,-100,25,
3076,-100,0,
3077,-100,0,
3078,-100,0,
3079,-100,0,
3080,-125,-25,
3083,-100,0,
3084,-100,0,
3085,-100,0,
3086,-100,0,
3087,-75,25,
3088,-75,25,
3090,-100,0,
3091,-100,0,
3092,-75,25,
3093,-100,0,
3094,-75,25,
3095,-300,25,
3096,-75,25,
3097,-75,25,
3098,-150,-50,
3099,-250,-50,
3100,-100,0,
3101,-150,0,
3102,-225,25,
3103,-250,25,
3104,-150,50,
3105,-125,-25,
3106,-250,-50,
3108,-75,25,
3111,-100,25,
3112,-200,-100,
3113,-125,-78,
3114,-150,0,
3115,-100,25,
3116,-250,-150,
3117,-200,-50,
3119,-550,25,
3120,-100,25,
3121,-150,50,
3124,-550,25,
3125,-550,25,
3126,-175,150,
3127,-125,0,
3128,-550,25,
3129,-109,-25,
3132,-209,-125,
3133,-225,-125,
3134,-175,-75,
3135,-175,-25,
3136,-175,-75,
3137,-175,-75,
3138,-175,-75,
3139,-100,0,
3140,-100,0,
3142,-100,0,
3143,-75,25,
3144,-125,0,
3145,-100,25,
3146,-175,-75,
3147,-125,-50,
3148,-175,-75,
3150,-75,-25,
3151,-125,-67,
3152,-175,-75,
3153,-125,0,
3154,-100,0,
3156,-75,25,
3158,-175,-75,
3160,-175,-75,
3161,-125,0,
3162,-125,0,
3163,-125,0,
3164,-100,0,
3165,-100,-63,
3166,-100,0,
3167,-175,-75,
3168,-175,-50,
3169,-125,0,
3170,-175,-75,
3171,-100,25,
3172,-175,-75,
3173,-175,-75,
3174,-200,-100,
3175,-175,-75,
3176,-125,-25,
3177,-100,0,
3178,-100,0,
3179,-125,0,
3180,-100,0,
3181,-75,25,
3182,-125,-25,
3183,-75,-43,
3184,-125,0,
3185,-125,0,
3186,-75,25,
3187,-175,-75,
3188,-175,-75,
3189,-200,-100,
3190,-125,-75,
3191,-75,25,
3192,-175,-75,
3193,-125,0,
3194,-175,-75,
3195,-200,-100,
3196,-125,0,
3197,-175,-75,
3198,-175,-75,
3199,-175,-75,
3200,-175,-75,
3201,-175,-50,
3203,-125,-25,
3204,-125,0,
3205,-125,0,
3206,-175,-75,
3207,-175,-75,
3208,-125,0,
3209,-175,-75,
3210,-125,0,
3211,-125,-25,
3212,-100,0,
3213,-75,25,
3214,-175,-75,
3215,-175,-75,
3217,-100,0,
3218,-125,-25,
3220,-175,-75,
3221,-125,-25,
3222,-225,-125,
3223,-175,-75,
3224,-200,-100,
3225,-175,-75,
3226,-175,-75,
3227,-125,0,
3228,-125,0,
3229,-550,25,
3230,-125,0,
3231,-150,-50,
3232,-100,-49,
3233,-75,25,
3234,-125,-82,
3235,-175,-75,
3236,-125,-25,
3237,-175,-75,
3238,-175,-75,
3239,-200,-100,
3240,-550,25,
3241,-175,-50,
3242,-75,-40,
3243,-75,25,
3244,-100,0,
3245,-75,-31,
3246,-75,25,
3247,-100,25,
3248,-175,-75,
3249,-75,25,
3250,-75,25,
3251,-200,-100,
3252,-175,-75,
3253,-175,-75,
3254,-125,0,
3255,-87,0,
3256,-125,0,
3257,-175,-75,
3258,-100,-25,
3259,-175,-75,
3260,-100,0,
3261,-125,0,
3262,-75,-43,
3263,-100,25,
3264,-100,25,
3265,-175,-50,
3267,-123,-43,
3268,-75,25,
3269,-100,0,
3270,-100,0,
3271,-125,0,
3272,-175,-75,
3273,-100,0,
3274,-175,-75,
3275,-100,0,
3276,-75,25,
3279,-550,25,
3280,-100,-52,
3281,-125,-25,
3282,-175,-75,
3283,-125,0,
3284,-100,25,
3285,-475,-375,
3286,-75,25,
3287,-150,-25,
3288,-175,-75,
3289,-175,-75,
3290,-250,-150,
3291,-125,25,
3292,-75,25,
3293,-100,25,
3294,-100,25,
3295,-250,-50,
3297,-225,-100,
3298,-200,-100,
3299,-550,25,
3300,-150,50,
3302,-75,25,
3304,-75,25,
3305,-125,0,
3306,-75,25,
3307,-75,25,
3308,-550,25,
3309,-75,25,
3310,-75,-30,
3311,-75,-43,
3312,-75,25,
3313,-250,-50,
3315,-75,25,
3317,-100,50,
3319,-75,25,
3320,-100,-50,
3321,-100,0,
3322,-100,25,
3323,-350,-250,
3325,-125,-75,
3326,-100,25,
3327,-75,25,
3328,-75,-31,
3329,-125,-31,
3330,-75,25,
3331,-225,50,
3332,-175,-75,
3333,-125,0,
3334,-150,-50,
3335,-75,25,
3336,-150,0,
3338,-100,25,
3339,-75,-43,
3340,-100,25,
3341,-100,0,
3342,-75,25,
3343,-125,-25,
3344,-250,-150,
3348,-325,-200,
3349,-300,-200,
3351,-250,-150,
3352,-250,-150,
3355,-250,-150,
3356,-250,-125,
3359,-200,-100,
3362,-175,-75,
3363,-175,-75,
3364,-175,-75,
3366,-175,-50,
3368,-175,-50,
3369,-153,-50,
3370,-150,-50,
3372,-150,-50,
3374,-150,-50,
3375,-150,-50,
3376,-150,-50,
3379,-150,-50,
3380,-150,-50,
3382,-150,-50,
3383,-150,-100,
3384,-150,-75,
3385,-125,-25,
3388,-127,-25,
3391,-150,-25,
3395,-125,0,
3397,-100,0,
3399,-100,0,
3401,-101,25,
3402,-100,25,
3403,-100,25,
3405,-250,-50,
3408,-250,-50,
3409,-250,-50,
3412,-250,-50,
3414,-125,-25,
3415,-125,-75,
3416,-75,25,
3418,-150,25,
3419,-150,50,
3420,-125,-25,
3421,-75,25,
3422,-100,0,
3423,-75,25,
3424,-100,25,
3425,-150,-50,
3426,-75,-43,
3427,-125,0,
3428,-175,-75,
3429,-200,-100,
3430,-75,-25,
3431,-100,25,
3433,-100,25,
3434,-100,25,
3435,-150,-25,
3436,-100,0,
3437,-75,25,
3438,-125,0,
3439,-125,-25,
3440,-100,0,
3441,-100,0,
3442,-80,25,
3443,-100,-45,
3445,-125,-25,
3446,-75,25,
3447,-125,0,
3448,-75,25,
3449,-150,-25,
3451,-350,-150,
3452,-100,25,
3454,-100,25,
3455,-125,-25,
3457,-175,-50,
3458,-75,50,
3459,-75,25,
3460,-225,-125,
3461,-150,-50,
3462,-100,25,
3463,-150,-25,
3464,-164,-50,
3465,-125,-41,
3466,-75,25,
3467,-75,25,
3468,-75,-40,
3469,-125,-25,
3470,-75,25,
3471,-100,50,
3472,-250,-150,
3473,-150,-25,
3474,-100,25,
3476,-150,-50,
3478,-125,-25,
3479,-175,-75,
3480,-250,-150,
3482,-225,-125,
3483,-200,-100,
3484,-75,25,
3485,-250,-150,
3486,-175,-75,
3487,-250,-150,
3488,-125,-25,
3489,-200,-75,
3490,-100,25,
3491,-175,-75,
3492,-175,-75,
3495,-100,0,
3496,-100,25,
3497,-175,-75,
3498,-175,-75,
3499,-150,-50,
3500,-150,-50,
3501,-100,25,
3502,-200,-75,
3503,-200,-100,
3504,-150,-25,
3505,-150,-80,
3506,-125,-25,
3507,-125,-25,
3509,-125,-25,
3510,-125,-25,
3511,-175,-75,
3512,-75,25,
3513,-175,-50,
3515,-175,-75,
3516,-200,-100,
3517,-100,0,
3518,-175,-75,
3519,-175,-75,
3520,-150,-50,
3521,-200,-100,
3522,-200,-75,
3523,-175,-75,
3524,-175,-75,
3525,-75,25,
3526,-125,-80,
3527,-150,-50,
3528,-200,-100,
3529,-150,-50,
3530,-225,-125,
3531,-150,-50,
3532,-175,-75,
3533,-175,-75,
3534,-175,-75,
3536,-150,-50,
3538,-125,-25,
3542,-125,-25,
3543,-75,25,
3544,-225,-125,
3545,-175,-75,
3547,-125,0,
3548,-125,-25,
3549,-150,-50,
3550,-150,-50,
3551,-125,-25,
3552,-125,-25,
3553,-150,-50,
3554,-125,0,
3556,-200,-75,
3557,-125,-25,
3558,-100,0,
3559,-150,-50,
3560,-200,-75,
3561,-150,-50,
3562,-125,-25,
3563,-125,-25,
3564,-225,-125,
3566,-150,-50,
3567,-175,-75,
3568,-75,25,
3569,-125,-25,
3570,-100,25,
3571,-150,-50,
3572,-150,-25,
3573,-150,-50,
3574,-150,-50,
3576,-125,-25,
3577,-125,-25,
3579,-200,-100,
3580,-200,-75,
3581,-75,25,
3582,-175,-75,
3584,-100,25,
3586,-125,-25,
3587,-125,-54,
3589,-175,-75,
3590,-175,-75,
3592,-75,25,
3593,-200,-75,
3594,-175,-75,
3595,-175,-75,
3596,-150,-50,
3597,-175,-75,
3598,-150,-50,
3599,-125,-25,
3600,-150,-50,
3601,-175,-75,
3602,-175,-50,
3603,-150,-50,
3604,-150,-50,
3605,-175,-75,
3607,-175,-75,
3608,-150,-50,
3609,-225,-125,
3610,-175,-50,
3611,-175,-75,
3612,-125,-25,
3613,-225,-100,
3614,-225,-125,
3615,-100,0,
3616,-100,25,
3617,-150,-50,
3618,-125,0,
3619,-150,-50,
3620,-125,-25,
3622,-175,-75,
3623,-200,-75,
3625,-125,-25,
3626,-200,-100,
3627,-200,-100,
3628,-175,-75,
3629,-200,-100,
3630,-75,25,
3632,-175,-75,
3633,-75,25,
3635,-125,-25,
3636,-100,0,
3638,-150,-25,
3639,-225,-125,
3640,-175,-75,
3642,-150,-25,
3643,-125,-25,
3644,-75,25,
3645,-150,-50,
3646,-200,-100,
3648,-75,25,
3650,-225,-100,
3651,-200,-100,
3653,-125,0,
3654,-150,-50,
3655,-150,-50,
3656,-200,-75,
3657,-225,-125,
3659,-175,-100,
3660,-100,0,
3661,-125,0,
3662,-100,25,
3663,-125,-25,
3664,-150,-50,
3665,-250,-150,
3666,-225,-125,
3667,-200,-100,
3668,-200,-100,
3669,-200,-100,
3670,-75,25,
3671,-100,25,
3672,-225,-125,
3673,-225,-125,
3674,-100,25,
3675,-175,-75,
3676,-150,-75,
3678,-225,-100,
3679,-225,-125,
3680,-150,-50,
3681,-175,-75,
3682,-175,-75,
3683,-200,-100,
3684,-200,-100,
3691,-124,-25,
3693,-225,-100,
3694,-175,-50,
3695,-100,25,
3696,-100,25,
3697,-100,25,
3700,-125,-25,
3701,-75,25,
3702,-75,-41,
3703,-75,-43,
3704,-125,0,
3705,-225,25,
3706,-75,25,
3707,-125,-75,
3742,-75,25,
3743,-100,-48,
3744,-150,25,
3746,-250,-100,
3747,-250,-150,
3748,-225,-125,
3749,-250,-209,
3750,-75,25,
3752,-100,0,
3753,-100,50,
3755,-125,-86,
3756,-550,25,
3757,-75,25,
3758,-75,-41,
3759,-125,0,
3760,-125,-25,
3761,-225,-125,
3762,-100,0,
3763,-75,-31,
3764,-75,50,
3765,-75,25,
3767,-100,50,
3768,-150,50,
3769,-75,25,
3770,-175,-50,
3771,-75,25,
3772,-75,-42,
3773,-175,-75,
3774,-100,25,
3775,-100,-43,
3776,-125,0,
3777,-100,25,
3778,-200,-100,
3779,-175,-75,
3780,-128,-50,
3781,-75,25,
3782,-450,-250,
3783,-100,25,
3785,-75,25,
3786,-150,-50,
3787,-100,25,
3788,-124,-25,
3789,-350,-50,
3790,-150,-25,
3791,-75,25,
3792,-102,0,
3793,-450,-350,
3794,-125,-25,
3795,-100,-25,
3796,-75,25,
3797,-100,0,
3798,-450,-350,
3800,-75,25,
3801,-100,25,
3802,-100,25,
3803,-75,25,
3804,-75,25,
3805,-100,25,
3806,-100,25,
3807,-125,-25,
3808,-100,25,
3809,-150,50,
3810,-200,-50,
3811,-125,-25,
3812,-75,25,
3814,-200,-75,
3816,-125,-25,
3817,-150,-50,
3818,-175,-75,
3820,-75,25,
3821,-75,25,
3822,-75,25,
3823,-100,0,
3824,-279,-226,
3825,-175,-75,
3826,-100,25,
3827,-75,25,
3828,-100,0,
3829,-100,0,
3830,-150,-50,
3831,-75,-30,
3832,-100,25,
3834,-125,-25,
3836,-75,25,
3837,-75,25,
3838,-75,25,
3839,-125,-25,
3840,-100,0,
3841,-125,0,
3842,-125,-25,
3843,-425,-325,
3844,-350,25,
3845,-125,-25,
3846,-125,0,
3847,-100,0,
3848,-75,25,
3849,-75,25,
3851,-100,0,
3852,-225,-100,
3853,-75,25,
3854,-75,25,
3855,-75,25,
3856,-125,0,
3857,-100,25,
3858,-100,25,
3859,-75,25,
3860,-225,-125,
3861,-300,-200,
3862,-150,-50,
3863,-150,-50,
3864,-150,-50,
3865,-200,-121,
3866,-175,-88,
3867,-125,-25,
3868,-175,-87,
3869,-125,-77,
3870,-100,-25,
3872,-125,-25,
3873,-150,-68,
3874,-73,-54,
3875,-125,-25,
3876,-100,0,
3877,-150,-50,
3878,-125,-25,
3879,-150,-50,
3880,-175,-50,
3881,-100,0,
3882,-75,25,
3883,-75,25,
3884,-125,-43,
3885,-150,-50,
3886,-150,-50,
3888,-100,0,
3890,-125,-43,
3891,-50,50,
3892,-50,50,
3893,-125,-40,
3894,-100,0,
3895,-75,25,
3896,-75,25,
3898,-100,0,
3899,-125,-80,
3900,-100,-25,
3901,-75,25,
3902,-125,-36,
3903,-50,50,
3904,-50,50,
3905,-100,0,
3906,-100,0,
3907,-175,-100,
3908,-125,-25,
3909,-100,0,
3910,-50,50,
3911,-100,-23,
3912,-50,50,
3913,-125,-30,
3914,-50,50,
3915,-175,-75,
3916,-175,-75,
3917,-125,-67,
3918,-150,-56,
3919,-150,-50,
3920,-87,0,
3921,-75,25,
3922,-75,25,
3923,-150,-50,
3924,-150,-25,
3925,-200,-100,
3926,-150,-50,
3927,-100,0,
3928,-79,-45,
3929,-175,-79,
3930,-100,0,
3931,-325,-250,
3933,-150,-50,
3934,-125,-46,
3935,-75,25,
3936,-150,-50,
3937,-150,-50,
3938,-75,25,
3939,-200,-75,
3940,-125,-25,
3941,-375,-275,
3942,-325,-225,
3943,-325,-225,
3944,-200,-100,
3945,-225,-125,
3946,-225,-125,
3947,-175,-75,
3948,-150,-69,
3949,-175,-92,
3950,-42,37,
3951,-82,-53,
3952,-150,-53,
3953,-75,25,
3954,-100,0,
3955,-150,-50,
3956,-125,-25,
3957,-125,-25,
3958,-100,0,
3959,-275,-175,
3960,-150,-50,
3961,-100,0,
3962,-100,0,
3963,-75,22,
3964,-125,-25,
3965,-110,-32,
3966,-100,0,
3967,-175,-75,
3968,-100,0,
3969,-175,-75,
3970,-75,25,
3971,-150,-25,
3972,-150,-25,
3973,-100,0,
3974,-100,-25,
3976,-150,0,
3977,-150,25,
3978,-132,-42,
3979,-100,-58,
3980,-125,-28,
3981,-100,0,
3982,-100,25,
3983,-100,0,
3984,-150,-25,
3985,-150,-50,
3986,-125,-25,
3987,-125,-49,
3988,-75,25,
3989,-125,-45,
3990,-175,-50,
3991,-175,-75,
3992,-125,-25,
3993,-150,-50,
3994,-125,-25,
3995,-125,-25,
3996,-170,-75,
3998,-200,-100,
3999,-150,-25,
4000,-175,-87,
4001,-100,0,
4002,-125,-25,
4003,-125,-25,
4004,-106,-25,
4005,-125,-25,
4006,-125,-25,
4007,-125,-25,
4008,-125,-25,
4009,-163,-75,
4010,-125,-25,
4011,-75,25,
4012,-125,-45,
4013,-125,-25,
4014,-125,-25,
4015,-83,0,
4016,-125,-25,
4017,-100,-25,
4018,-125,-25,
4019,-100,0,
4020,-200,-100,
4021,-175,-75,
4022,-200,-100,
4023,-150,-50,
4025,-105,-25,
4026,-150,-50,
4027,-225,-100,
4028,-125,-25,
4029,-175,-75,
4030,-125,-25,
4031,-150,-50,
4032,-150,-50,
4034,-150,-50,
4035,-150,-50,
4036,-175,-25,
4037,-175,-75,
4038,-175,-75,
4039,-175,-75,
4041,-125,-25,
4042,-250,-150,
4043,-125,-25,
4044,-150,-25,
4045,-100,0,
4046,-175,-25,
4047,-150,-50,
4048,-200,-100,
4049,-125,-25,
4051,-200,-100,
4052,-150,-50,
4053,-100,0,
4054,-175,-75,
4055,-150,-50,
4056,-150,-50,
4057,-100,-25,
4058,-75,25,
4059,-150,-50,
4060,-125,-25,
4061,-125,-25,
4062,-100,0,
4063,-100,0,
4064,-150,-50,
4065,-75,25,
4066,-125,-25,
4067,-150,25,
4068,-175,-25,
4069,-100,0,
4070,-100,0,
4071,-100,0,
4072,-125,0,
4073,-150,-50,
4075,-125,-25,
4077,-150,-50,
4078,-150,-50,
4079,-125,-25,
4080,-64,-42,
4081,-150,-68,
4082,-150,-50,
4083,-125,-50,
4084,-150,-25,
4085,-225,-100,
4086,-125,-25,
4087,-125,-25,
4088,-100,0,
4089,-75,25,
4090,-300,-200,
4091,-200,-100,
4092,-100,-25,
4093,-175,-64,
4094,-125,-25,
4095,-125,-25,
4097,-125,-25,
4098,-200,-100,
4099,-200,-100,
4100,-100,0,
4101,-175,-75,
4103,-150,-56,
4104,-125,-25,
4105,-125,-25,
4107,-100,-25,
4108,-100,25,
4109,-175,-75,
4110,-100,0,
4111,-175,-75,
4112,-175,-75,
4113,-125,-25,
4114,-150,-25,
4115,-100,0,
4116,-150,-25,
4118,-150,-75,
4119,-150,-54,
4121,-125,-50,
4122,-125,-50,
4123,-125,-50,
4124,-100,-25,
4126,-125,-80,
4127,-125,-50,
4128,-125,-25,
4129,-125,-50,
4130,-150,-50,
4131,-125,-25,
4132,-125,-25,
4134,-150,-75,
4135,-75,25,
4136,-150,-50,
4137,-125,-25,
4139,-125,-25,
4140,-125,-25,
4141,-150,-50,
4142,-150,-50,
4143,-100,0,
4144,-125,-25,
4145,-125,0,
4146,-125,-25,
4147,-125,-50,
4148,-100,0,
4149,-125,-50,
4150,-125,-73,
4152,-125,-25,
4155,-125,-25,
4156,-150,-50,
4157,-125,0,
4158,-125,0,
4159,-125,0,
4160,-125,0,
4161,-175,-75,
4162,-100,0,
4163,-125,-42,
4164,-75,25,
4165,-50,50,
4166,-75,25,
4167,-75,25,
4169,-150,-50,
4170,-140,-50,
4171,-200,-114,
4172,-125,-25,
4174,-39,14,
4175,-50,50,
4176,-75,25,
4177,-75,25,
4179,-50,50,
4180,-75,25,
4181,-100,0,
4182,-75,25,
4184,-150,-50,
4185,-125,-25,
4186,-100,0,
4187,-50,50,
4190,-75,25,
4191,-125,-25,
4192,-58,29,
4193,-75,25,
4194,-38,-9,
4195,-75,25,
4196,-100,0,
4197,-125,-25,
4198,-100,0,
4199,-125,-25,
4200,-125,-25,
4201,-250,-159,
4203,-264,-175,
4204,-175,-75,
4206,-325,-225,
4207,-150,-50,
4208,-100,0,
4209,-125,-25,
4210,-175,-50,
4211,-275,-175,
4212,-350,-225,
4213,-250,-154,
4214,-250,-154,
4215,-200,-100,
4216,-250,-125,
4217,-220,-125,
4218,-225,-125,
4219,-275,-175,
4220,-225,-125,
4221,-325,-225,
4222,-250,-150,
4223,-250,-150,
4224,-250,-150,
4225,-225,-125,
4226,-225,-125,
4227,-225,-125,
4228,-225,-125,
4229,-75,25,
4230,-200,-50,
4232,-100,-25,
4233,-110,-25,
4234,-300,-220,
4235,-175,-75,
4236,-100,0,
4237,-50,50,
4238,-50,50,
4239,-50,50,
4240,-325,-225,
4241,-275,-175,
4242,-150,-50,
4243,-125,-50,
4244,-125,-25,
4245,-175,-75,
4246,-275,-175,
4247,-250,-150,
4248,-100,0,
4249,-75,25,
4250,-50,50,
4251,-100,0,
4252,-125,-25,
4253,-50,50,
4254,-75,25,
4255,-75,25,
4256,-50,50,
4258,-150,-54,
4259,-100,0,
4260,-125,-25,
4261,-75,25,
4262,-100,0,
4263,-175,-75,
4264,-100,0,
4265,-150,-80,
4267,-150,-25,
4268,-125,-25,
4269,-125,-25,
4270,-150,-50,
4271,-200,-100,
4272,-125,-25,
4273,-175,-75,
4274,-150,-50,
4275,-200,-100,
4276,-225,-125,
4277,-100,0,
4278,-125,-25,
4279,-175,-75,
4280,-175,-75,
4281,-200,-100,
4282,-125,-25,
4283,-150,-50,
4284,-78,0,
4285,-138,-50,
4286,-150,-50,
4287,-138,-50,
4288,-225,-100,
4289,-100,0,
4290,-125,-25,
4291,-79,0,
4292,-75,25,
4293,-175,-75,
4294,-75,25,
4295,-100,0,
4297,-50,50,
4298,-225,-125,
4299,-175,-50,
4303,-150,-50,
4304,-125,-30,
4305,-100,-25,
4306,-75,25,
4307,-150,-50,
4308,-150,-75,
4309,-100,-25,
4310,-150,-50,
4311,-125,-42,
4312,-100,-25,
4313,-50,50,
4314,-25,75,
4315,-50,50,
4316,-50,50,
4317,-75,25,
4318,-100,0,
4320,-125,-25,
4321,-325,-225,
4322,-75,25,
4323,-50,50,
4324,-50,50,
4325,-100,0,
4327,-75,25,
4328,-46,14,
4329,-75,20,
4330,-41,50,
4331,-75,25,
4332,-25,75,
4333,-50,50,
4334,-75,25,
4335,-50,75,
4336,-48,50,
4337,-50,50,
4339,-75,25,
4340,-375,-275,
4341,-100,0,
4343,-75,25,
4345,-100,25,
4346,-75,-41,
4347,-350,-250,
4348,-100,0,
4349,-175,-25,
4350,-350,-250,
4351,-150,-50,
4352,-125,-50,
4353,-75,25,
4354,-100,-25,
4355,-36,21,
4356,-50,50,
4357,-75,25,
4358,-75,25,
4359,-150,-50,
4361,-100,0,
4363,-75,25,
4364,-125,-25,
4365,-75,-25,
4366,-75,25,
4367,-150,-25,
4368,-100,25,
4369,-125,-25,
4370,-125,-25,
4371,-100,25,
4372,-225,-125,
4373,-125,25,
4374,-125,25,
4375,-125,-25,
4376,-75,25,
4377,-125,0,
4378,-100,0,
4379,-100,25,
4380,-100,0,
4381,-100,25,
4382,-100,0,
4383,-125,0,
4384,-100,25,
4385,-100,25,
4386,-125,-25,
4387,-100,25,
4388,-125,0,
4389,-100,0,
4390,-150,50,
4391,-100,0,
4392,-125,-25,
4393,-100,25,
4394,-100,0,
4395,-125,0,
4396,-125,0,
4397,-100,0,
4398,-100,0,
4399,-100,0,
4400,-100,0,
4401,-150,50,
4402,-125,-25,
4403,-75,25,
4404,-100,0,
4405,-100,0,
4406,-125,-25,
4407,-175,-25,
4408,-125,-25,
4409,-125,0,
4410,-125,0,
4411,-125,0,
4412,-150,-80,
4413,-100,25,
4414,-100,0,
4415,-100,25,
4417,-100,25,
4418,-125,-25,
4419,-150,50,
4421,-100,-52,
4422,-100,0,
4423,-100,25,
4424,-150,-25,
4425,-100,0,
4426,-100,0,
4427,-100,0,
4428,-100,0,
4429,-110,-25,
4430,-100,0,
4431,-75,25,
4432,-100,25,
4433,-175,-25,
4435,-100,0,
4436,-100,0,
4438,-125,-25,
4439,-125,-25,
4440,-125,-25,
4441,-100,25,
4442,-75,25,
4443,-100,25,
4444,-125,0,
4445,-125,0,
4446,-125,0,
4447,-125,25,
4448,-150,50,
4449,-75,25,
4450,-100,25,
4453,-125,-25,
4455,-125,0,
4456,-100,0,
4457,-125,0,
4458,-150,50,
4459,-125,0,
4460,-125,0,
4461,-75,25,
4462,-100,25,
4463,-100,25,
4464,-150,50,
4465,-75,25,
4468,-100,25,
4469,-100,0,
4470,-100,25,
4471,-100,0,
4472,-75,25,
4473,-100,25,
4474,-150,-25,
4475,-100,0,
4476,-100,0,
4477,-100,25,
4478,-100,25,
4479,-150,-25,
4480,-125,0,
4481,-125,0,
4482,-125,0,
4483,-125,0,
4484,-100,25,
4485,-100,0,
4486,-100,25,
4487,-125,0,
4488,-125,-25,
4489,-125,0,
4490,-150,-25,
4493,-100,0,
4494,-175,-25,
4495,-225,-125,
4496,-150,-50,
4497,-100,25,
4498,-125,-25,
4499,-75,25,
4500,-150,-50,
4501,-125,-25,
4502,-100,0,
4503,-150,-25,
4504,-150,-50,
4505,-150,50,
4506,-125,-25,
4507,-250,-150,
4509,-100,0,
4510,-125,25,
4511,-125,0,
4512,-100,0,
4513,-150,50,
4514,-150,-50,
4515,-100,25,
4516,-125,-25,
4517,-200,-50,
4518,-200,-100,
4519,-150,-50,
4520,-150,-50,
4521,-250,-125,
4522,-125,0,
4524,-125,0,
4525,-100,25,
4526,-150,-50,
4527,-150,-25,
4528,-125,0,
4530,-154,-74,
4531,-175,50,
4532,-175,50,
4534,-175,50,
4536,-175,50,
4537,-84,-4,
4538,-84,-54,
4539,-89,-63,
4540,-125,50,
4542,-106,-43,
4543,-234,-149,
4545,-125,-69,
4546,-125,-80,
4547,-125,-80,
4548,-125,-25,
4549,-100,-44,
4550,-100,-48,
4551,-100,-48,
4552,-125,-88,
4553,-100,25,
4554,-100,0,
4555,-125,-80,
4556,-125,-80,
4557,-125,-80,
4558,-75,-42,
4559,-125,-25,
4560,-150,-104,
4561,-175,-50,
4563,-75,25,
4565,-100,0,
4566,-100,25,
4567,-75,25,
4568,-125,0,
4569,-125,-25,
4570,-75,25,
4571,-175,-25,
4572,-125,0,
4573,-93,0,
4574,-100,0,
4575,-125,-25,
4576,-100,0,
4577,-125,0,
4578,-75,25,
4579,-100,0,
4580,-125,0,
4581,-125,-25,
4582,-125,0,
4583,-100,0,
4584,-125,0,
4585,-125,-25,
4586,-125,0,
4587,-125,0,
4589,-100,0,
4590,-100,0,
4592,-100,0,
4593,-100,25,
4595,-125,-25,
4596,-100,0,
4597,-100,-41,
4598,-125,0,
4600,-125,-25,
4601,-75,25,
4602,-75,25,
4603,-125,-25,
4604,-75,25,
4605,-75,25,
4606,-100,25,
4607,-75,-30,
4608,-75,25,
4609,-75,25,
4610,-200,-100,
4611,-350,-250,
4612,-125,0,
4613,-525,-425,
4614,-475,-350,
4615,-475,-350,
4616,-150,-25,
4617,-350,-250,
4618,-100,25,
4619,-100,25,
4620,-100,25,
4621,-125,-25,
4622,-125,-25,
4623,-125,-25,
4624,-125,-25,
4625,-125,-25,
4626,-125,-25,
4627,-125,-25,
4628,-125,-25,
4629,-125,-25,
4630,-125,-25,
4631,-250,-50,
4632,-200,-25,
4633,-219,-125,
4634,-150,-50,
4635,-250,-150,
4636,-450,-325,
4637,-150,-50,
4638,-150,-25,
4639,-275,-266,
4641,-125,-25,
4642,-250,-150,
4644,-300,-175,
4646,-105,-51,
4647,-140,-25,
4648,-150,-25,
4649,-195,-170,
4650,-190,-75,
4651,-125,-25,
4652,-100,25,
4653,-100,-56,
4655,-125,-25,
4656,-150,-25,
4657,-200,-121,
4658,-300,-200,
4659,-200,-125,
4660,-375,-250,
4661,-350,-250,
4662,-300,250,
4665,-275,-213,
4667,-70,14,
4668,-150,-25,
4669,-200,-154,
4671,-100,25,
4672,-325,-225,
4673,-100,0,
4674,-150,25,
4675,-250,-125,
4676,-100,25,
4677,-100,25,
4678,-100,-44,
4681,-150,-50,
4682,-150,25,
4684,-50,50,
4685,-550,25,
4686,-125,0,
4689,-150,-25,
4690,-150,-25,
4691,-75,-41,
4692,-75,-41,
4693,-25,54,
4695,-75,25,
4696,-100,25,
4697,-100,-43,
4698,-100,-41,
4701,-75,-41,
4702,-75,25,
4703,-125,-44,
4704,-75,25,
4706,-250,25,
4707,-175,-75,
4709,-225,-125,
4710,-150,-50,
4711,-175,-75,
4712,-100,0,
4713,-175,-75,
4714,-100,0,
4715,-175,-75,
4716,-100,0,
4717,-150,-50,
4718,-75,25,
4719,-100,0,
4720,-150,-50,
4721,-50,50,
4722,-69,-30,
4723,-75,25,
4724,-175,-50,
4725,-125,-25,
4726,-50,50,
4727,-50,50,
4729,-100,0,
4730,-50,50,
4731,-50,50,
4733,-75,25,
4734,-50,50,
4735,-100,0,
4736,-125,-25,
4737,-50,50,
4738,-50,50,
4739,-25,75,
4740,-50,50,
4741,-50,50,
4742,-50,50,
4743,-100,0,
4744,-150,-50,
4745,-100,-25,
4746,-50,50,
4747,-100,0,
4748,-225,-125,
4749,-125,-50,
4750,-125,-50,
4751,-125,-50,
4752,-150,-50,
4753,-300,-200,
4754,-350,-250,
4755,-225,-125,
4757,-175,-75,
4759,-125,-25,
4760,-125,-25,
4761,-175,-75,
4762,-75,25,
4763,-75,25,
4765,-75,25,
4766,-75,25,
4767,-125,-25,
4768,-150,-50,
4769,-75,25,
4770,-75,25,
4771,-75,25,
4772,-125,-25,
4774,-75,25,
4775,-50,50,
4776,-75,25,
4777,-150,-50,
4778,-50,50,
4779,-150,-50,
4780,-175,-75,
4781,-600,-500,
4782,-500,-400,
4783,-100,0,
4784,-200,-75,
4785,-25,75,
4786,-75,25,
4787,-175,-75,
4789,-25,75,
4790,-25,75,
4791,-75,25,
4792,-25,75,
4793,-25,75,
4794,-25,75,
4797,-150,-50,
4798,-75,25,
4799,-100,0,
4802,-300,-200,
4803,-375,-275,
4804,-550,-450,
4805,-300,-200,
4806,-225,-125,
4807,-400,-325,
4808,-425,-325,
4809,-200,-100,
4810,-550,-450,
4811,-75,25,
4812,-75,25,
4813,-100,0,
4814,-400,-300,
4815,-400,-300,
4816,-350,-250,
4817,-250,-150,
4818,-225,-125,
4819,-150,-50,
4820,-175,-75,
4821,-100,0,
4822,-150,-50,
4825,-50,50,
4826,-125,-50,
4827,-25,75,
4828,-50,50,
4829,-50,50,
4831,-300,-200,
4832,-275,-175,
4834,-275,-175,
4841,-50,50,
4844,-125,-25,
4847,-125,-25,
4848,-125,-25,
4849,-75,25,
4851,-100,-25,
4853,-75,25,
4856,-50,50,
4857,-75,25,
4859,-275,-175,
4860,-50,50,
4861,-50,50,
4863,-150,-50,
4864,-75,25,
4866,-175,-75,
4870,-575,-475,
4871,-219,-125,
4872,-250,-150,
4873,-225,-125,
4874,-300,-200,
4875,-250,-150,
4876,-200,-100,
4877,-275,-175,
4878,-175,-75,
4879,-275,-175,
4880,-300,-200,
4881,-175,-75,
4883,-600,-475,
4885,-175,-75,
4886,-175,-75,
4887,-175,-75,
4888,-175,-75,
4889,-225,-125,
4890,-150,-50,
4891,-475,-375,
4892,-125,-25,
4893,-225,-125,
4894,-200,-100,
4895,-150,-50,
4896,-150,-50,
4897,-525,-425,
4898,-550,-450,
4899,-225,-125,
4900,-225,-100,
4902,-200,-100,
4903,-200,-100,
4904,-125,-25,
4905,-125,-25,
4906,-100,0,
4907,-124,-25,
4908,-150,-50,
4910,-125,-25,
4911,-75,25,
4912,-100,0,
4913,-75,25,
4914,-150,-50,
4915,-175,-75,
4916,-100,0,
4917,-150,-50,
4919,-100,0,
4920,-175,-75,
4921,-75,25,
4922,-150,-50,
4923,-75,25,
4924,-75,25,
4925,-150,-50,
4926,-100,-25,
4927,-100,-25,
4929,-150,-50,
4930,-600,-475,
4931,-100,0,
4932,-75,25,
4933,-150,-50,
4936,-475,-375,
4937,-75,25,
4938,-150,-50,
4939,-150,-50,
4940,-75,25,
4941,-75,25,
4942,-75,25,
4943,-100,0,
4945,-150,-50,
4946,-50,50,
4947,-50,50,
4948,-50,50,
4949,-100,0,
4951,-125,-25,
4952,-500,-400,
4954,-475,-375,
4955,-500,-400,
4956,-100,0,
4957,-425,-325,
4958,-175,-75,
4959,-425,-325,
4960,-125,-50,
4961,-250,-150,
4962,-150,-50,
4963,-350,-225,
4964,-150,-50,
4965,-400,-300,
4966,-200,-100,
4967,-175,-100,
4968,-150,-50,
4969,-200,-100,
4970,-100,-25,
4971,-75,25,
4972,-100,0,
4973,-25,75,
4974,-25,75,
4975,-75,25,
4978,-150,-75,
4979,-475,-375,
4980,-450,-350,
4981,-50,50,
4982,-75,25,
4983,-100,-25,
4984,-75,25,
4985,-350,-250,
4986,-450,-350,
4988,-525,-425,
4989,-400,-300,
4991,-400,-300,
4992,-300,-200,
4993,-300,-200,
4994,-300,-200,
4995,-300,-200,
4996,-350,-250,
4997,-325,-225,
4998,-325,-225,
4999,-350,-250,
5000,-325,-225,
5001,-275,-175,
5002,-300,-200,
5003,-275,-175,
5004,-300,-200,
5005,-225,-125,
5007,-150,-50,
5008,-150,-50,
5009,-450,-350,
5010,-25,100,
5011,-75,25,
5012,-100,0,
5019,-550,-425,
5020,-525,-425,
5021,-475,-375,
5022,-350,-275,
5024,-400,-300,
5025,-575,-475,
5026,-525,-450,
5027,-325,-225,
5029,-500,-400,
5032,-525,-425,
5034,-125,-25,
5035,-100,0,
5037,-175,-75,
5039,-250,-150,
5040,-250,-150,
5041,-250,-150,
5042,-250,-150,
5043,-200,-100,
5044,-200,-100,
5045,-200,-100,
5046,-150,-50,
5047,-125,0,
5048,-100,0,
5049,-100,0,
5050,-100,0,
5051,-75,25,
5052,-75,25,
5053,-75,25,
5054,-75,25,
5055,-75,25,
5056,-75,25,
5057,-75,25,
5058,-75,25,
5059,-100,0,
5060,-100,25,
5061,-100,25,
5062,-100,25,
5063,-75,25,
5064,-75,25,
5065,-75,25,
5066,-75,25,
5067,-75,25,
5068,-75,25,
5069,-75,25,
5070,-75,25,
5071,-75,25,
5072,-75,25,
5074,-75,25,
5075,-125,-25,
5076,-125,-25,
5077,-125,-25,
5078,-125,-25,
5079,-125,-25,
5080,-125,-25,
5081,-125,-25,
5082,-125,-25,
5083,-125,-25,
5084,-125,-25,
5085,-125,-25,
5086,-125,-25,
5087,-125,-25,
5088,-125,-25,
5089,-100,25,
5090,-100,25,
5091,-100,25,
5092,-100,25,
5093,-100,25,
5094,-100,25,
5095,-125,-80,
5096,-125,-80,
5097,-125,-80,
5098,-125,-82,
5100,-125,-80,
5101,-125,-80,
5102,-125,-25,
5104,-125,-25,
5106,-125,-72,
5107,-125,-71,
5108,-75,-43,
5110,-125,-43,
5111,-75,-41,
5113,-75,25,
5114,-75,25,
5115,-75,25,
5116,-75,25,
5118,-75,25,
5119,-75,-25,
5120,-75,25,
5122,-75,-30,
5123,-75,25,
5124,-75,25,
5125,-75,25,
5126,-75,-30,
5127,-75,-42,
5129,-75,25,
5130,-75,25,
5131,-125,-25,
5132,-100,-41,
5133,-100,25,
5134,-100,-42,
5135,-125,-42,
5136,-100,-43,
5137,-150,-82,
5138,-150,-80,
5139,-150,-80,
5140,-100,25,
5141,-150,-80,
5142,-100,25,
5144,-100,25,
5145,-150,-80,
5146,-150,-25,
5147,-75,-41,
5148,-100,25,
5149,-150,-80,
5150,-150,-80,
5151,-100,25,
5152,-125,-80,
5153,-100,-41,
5154,-150,-80,
5156,-150,-80,
5157,-125,-50,
5158,-125,-25,
5159,-150,-75,
5160,-50,50,
5162,-125,-25,
5163,-200,-100,
5164,-175,-75,
5165,-250,-150,
5166,-100,0,
5167,-100,25,
5168,-75,25,
5169,-475,-375,
5170,-250,-150,
5171,-400,-300,
5172,-400,-300,
5173,-150,-50,
5174,-125,-25,
5175,-125,-25,
5176,-125,-25,
5177,-125,-25,
5178,-170,-80,
5179,-125,-25,
5180,-125,-25,
5181,-125,-25,
5182,-125,-25,
5183,-125,-25,
5184,-100,-1,
5185,-125,-25,
5186,-125,-25,
5187,-125,-25,
5188,-125,-25,
5189,-125,-25,
5190,-125,-25,
5191,-75,-1,
5192,-125,-25,
5193,-125,-25,
5194,-125,-25,
5195,-100,-1,
5196,-125,-25,
5197,-125,-25,
5198,-100,-1,
5199,-125,-25,
5200,-100,-1,
5201,-100,-1,
5202,-125,-25,
5203,-125,-25,
5204,-100,-1,
5205,-125,-25,
5206,-275,-168,
5207,-125,-25,
5208,-125,-25,
5209,-125,-25,
5210,-125,-25,
5211,-125,-25,
5212,-200,-100,
5213,-125,-25,
5214,-125,-25,
5215,-125,-25,
5216,-125,-25,
5217,-125,-25,
5218,-125,-25,
5219,-125,-25,
5220,-125,-25,
5221,-125,-25,
5222,-125,-25,
5223,-100,-1,
5224,-125,-25,
5225,-125,-25,
5226,-125,-25,
5227,-75,25,
5228,-125,-25,
5229,-125,-25,
5230,-125,-25,
5231,-125,-25,
5232,-125,-25,
5233,-125,-25,
5234,-125,-25,
5235,-125,-25,
5236,-125,-25,
5237,-125,-25,
5238,-125,-25,
5239,-125,-25,
5240,-125,-25,
5241,-125,-25,
5242,-125,-25,
5243,-175,-76,
5244,-125,-25,
5245,-125,-25,
5246,-125,-25,
5247,-100,-1,
5248,-125,-25,
5249,-125,-25,
5250,-125,-25,
5251,-125,-25,
5252,-125,-25,
5253,-125,-25,
5254,-125,-25,
5255,-125,-25,
5256,-125,-25,
5257,-125,-25,
5258,-100,-1,
5259,-125,-25,
5260,-125,-25,
5261,-125,-25,
5262,-175,-50,
5263,-125,-25,
5264,-125,-25,
5265,-125,-25,
5266,-125,-25,
5267,-125,-25,
5268,-125,-25,
5269,-125,-25,
5270,-125,-25,
5271,-125,-25,
5272,-125,-25,
5273,-125,-25,
5274,-125,-25,
5275,-125,-25,
5276,-125,-25,
5277,-125,-25,
5278,-125,-25,
5279,-125,-25,
5280,-125,-25,
5281,-100,-1,
5282,-125,-25,
5283,-125,-25,
5284,-125,-25,
5285,-125,-25,
5286,-125,-25,
5287,-125,-25,
5288,-270,-201,
5289,-125,-25,
5290,-125,-25,
5291,-125,-25,
5292,-125,-25,
5293,-125,-25,
5294,-125,-25,
5295,-125,-25,
5296,-125,-25,
5297,-125,-25,
5298,-125,-25,
5299,-125,-25,
5300,-125,-25,
5301,-125,-25,
5302,-125,-25,
5303,-100,-1,
5304,-125,-25,
5305,-125,-25,
5306,-150,-25,
5307,-125,-25,
5308,-125,-25,
5309,-125,-25,
5310,-125,-25,
5311,-150,-25,
5312,-125,-25,
5313,-125,-25,
5314,-125,-25,
5315,-125,-25,
5316,-125,-25,
5317,-125,-25,
5318,-125,-25,
5319,-125,-25,
5320,-125,-25,
5321,-125,-25,
5322,-200,-75,
5323,-125,-25,
5324,-125,-25,
5325,-125,-25,
5326,-125,-25,
5327,-100,-1,
5328,-125,-25,
5329,-75,25,
5330,-125,-25,
5331,-125,-25,
5332,-125,-25,
5333,-125,-25,
5334,-125,-25,
5335,-125,-25,
5336,-125,-25,
5337,-125,-25,
5338,-125,-25,
5339,-125,-25,
5340,-125,-25,
5341,-125,-25,
5342,-125,-25,
5343,-125,-25,
5344,-125,-25,
5345,-125,-25,
5346,-125,-25,
5347,-125,-25,
5348,-125,-25,
5349,-125,-25,
5350,-125,-25,
5351,-125,-25,
5352,-125,-25,
5353,-125,-25,
5354,-150,-90,
5355,-125,-25,
5356,-125,-25,
5357,-125,-25,
5358,-125,-25,
5359,-125,-25,
5360,-125,-25,
5361,-125,-25,
5362,-125,-25,
5363,-125,-25,
5364,-125,-25,
5365,-125,-25,
5366,-125,-25,
5367,-125,-25,
5368,-125,-25,
5369,-125,-25,
5370,-125,-25,
5371,-125,-25,
5372,-125,-25,
5373,-125,-25,
5374,-125,-25,
5375,-125,-25,
5376,-125,-25,
5377,-125,-25,
5378,-125,-25,
5379,-125,-25,
5380,-125,-25,
5381,-125,-25,
5382,-125,-25,
5383,-125,-25,
5384,-150,-50,
5385,-125,-25,
5386,-125,-25,
5387,-125,-25,
5388,-125,-25,
5389,-125,-25,
5390,-125,-25,
5391,-125,-25,
5392,-125,-25,
5393,-125,-25,
5394,-275,-175,
5395,-125,-25,
5396,-125,-25,
5397,-125,-25,
5398,-100,-1,
5399,-125,-25,
5400,-125,-25,
5401,-100,-1,
5402,-125,-25,
5403,-125,-25,
5404,-125,-25,
5405,-125,-25,
5406,-125,-25,
5407,-125,-25,
5408,-125,-25,
5409,-125,-25,
5410,-125,-25,
5411,-125,-25,
5412,-125,-25,
5413,-125,-25,
5414,-125,-25,
5415,-150,-56,
5416,-125,-25,
5417,-125,-25,
5418,-125,-25,
5419,-125,-25,
5420,-125,-25,
5421,-125,-25,
5422,-125,-25,
5423,-125,-25,
5424,-125,-25,
5425,-125,-25,
5426,-125,-25,
5427,-125,-25,
5428,-125,-25,
5429,-125,-25,
5430,-125,-25,
5431,-125,-25,
5432,-125,-25,
5433,-125,-25,
5434,-125,-45,
5435,-100,-1,
5436,-125,-25,
5437,-125,-25,
5438,-125,-25,
5439,-75,25,
5440,-125,-25,
5441,-125,-25,
5442,-110,-24,
5443,-75,25,
5444,-125,-25,
5445,-125,-25,
5446,-125,-25,
5447,-125,-25,
5448,-125,-25,
5449,-125,-25,
5450,-125,-25,
5451,-125,-25,
5452,-125,-25,
5453,-125,-25,
5454,-125,-25,
5455,-125,-25,
5456,-125,-25,
5457,-125,-25,
5458,-125,-25,
5459,-125,-25,
5460,-125,-25,
5461,-125,-25,
5462,-125,-25,
5463,-125,-25,
5464,-100,-1,
5465,-100,-1,
5466,-125,-25,
5467,-125,-25,
5468,-125,-25,
5469,-125,-25,
5470,-125,-25,
5471,-125,-25,
5472,-125,-25,
5473,-125,-25,
5474,-125,-25,
5475,-125,-25,
5476,-125,-25,
5477,-125,-25,
5478,-125,-25,
5479,-125,-25,
5480,-125,-25,
5481,-125,-25,
5482,-125,-25,
5483,-125,-25,
5484,-125,-25,
5485,-125,-25,
5486,-125,-25,
5487,-125,-25,
5488,-125,-25,
5489,-125,-25,
5490,-125,-25,
5491,-125,-25,
5492,-125,-25,
5493,-94,-51,
5494,-254,-184,
5495,-100,-1,
5496,-125,-25,
5497,-125,-25,
5498,-125,-25,
5499,-125,-25,
5500,-125,-25,
5501,-125,-25,
5502,-125,-25,
5503,-125,-25,
5504,-125,-25,
5505,-125,-25,
5506,-125,-25,
5507,-125,-25,
5508,-125,-25,
5509,-125,-25,
5510,-125,-25,
5511,-125,-25,
5512,-125,-25,
5513,-125,-25,
5514,-125,-25,
5515,-125,-25,
5516,-125,-25,
5517,-125,-25,
5518,-125,-25,
5519,-125,-25,
5520,-125,-25,
5521,-75,50,
5522,-125,-1,
5523,-125,-25,
5524,-125,-25,
5525,-125,-25,
5526,-125,-25,
5527,-125,-25,
5528,-100,-1,
5529,-125,-25,
5530,-125,-25,
5531,-125,-25,
5532,-125,-25,
5533,-125,-25,
5534,-125,-25,
5535,-125,-25,
5536,-125,-25,
5537,-125,-25,
5538,-125,-25,
5539,-125,-25,
5540,-125,-25,
5541,-125,-25,
5542,-125,-25,
5543,-125,-25,
5544,-150,-25,
5545,-125,-25,
5546,-125,-25,
5547,-125,-25,
5548,-125,-25,
5549,-125,-25,
5550,-125,-25,
5551,-125,-25,
5552,-125,-25,
5553,-125,-25,
5554,-125,-25,
5555,-125,-25,
5556,-125,-25,
5557,-125,-25,
5558,-125,-25,
5559,-125,-25,
5560,-125,-25,
5561,-125,-25,
5562,-125,-25,
5563,-125,-25,
5564,-125,-25,
5565,-125,-25,
5566,-125,-25,
5567,-125,-25,
5568,-125,-25,
5569,-100,25,
5570,-125,-25,
5571,-125,-25,
5572,-125,-25,
5573,-125,-25,
5574,-125,-25,
5575,-125,-25,
5576,-125,-25,
5577,-125,-25,
5578,-125,-25,
5579,-125,-25,
5580,-125,-25,
5581,-125,-25,
5582,-125,-25,
5583,-125,-25,
5584,-125,-25,
5585,-125,-25,
5586,-125,-25,
5587,-125,-25,
5588,-125,-25,
5589,-125,-25,
5590,-125,-25,
5591,-125,-25,
5592,-200,-101,
5593,-125,-25,
5594,-125,-25,
5595,-125,-25,
5596,-125,-25,
5597,-125,-25,
5598,-125,-25,
5599,-125,-25,
5600,-125,-25,
5601,-125,-25,
5602,-125,-25,
5603,-125,-25,
5604,-125,-25,
5605,-125,-25,
5606,-125,-25,
5607,-125,-25,
5608,-125,-25,
5609,-125,-25,
5610,-125,-25,
5611,-125,-25,
5612,-125,-25,
5613,-125,-25,
5614,-200,-101,
5615,-300,-101,
5616,-200,-1,
5617,-200,-45,
5618,-200,-101,
5619,-125,-1,
5620,-200,-101,
5621,-200,-1,
5622,-200,-1,
5623,-125,-1,
5624,-200,-1,
5625,-125,-1,
5626,-200,-1,
5627,-150,-50,
5628,-100,-1,
5629,-150,-50,
5630,-200,-1,
5631,-200,-1,
5632,-125,-25,
5633,-550,-450,
5634,-200,-91,
5635,-125,-25,
5636,-150,-50,
5637,-125,-25,
5638,-300,-101,
5639,-200,-1,
5640,-100,-1,
5641,-200,-101,
5642,-200,-101,
5643,-200,-101,
5644,-200,-1,
5645,-100,-1,
5646,-200,-101,
5647,-200,-1,
5648,-200,-101,
5649,-200,-51,
5650,-250,-125,
5651,-100,-1,
5652,-200,-101,
5653,-100,-1,
5654,-300,-201,
5655,-250,-150,
5656,-100,-1,
5657,-150,-50,
5658,-200,-1,
5659,-150,-25,
5660,-200,-1,
5661,-150,-25,
5662,-150,-25,
5663,-125,-25,
5664,-125,-25,
5665,-125,-25,
5666,-125,-25,
5667,-200,-1,
5668,-175,-50,
5669,-175,-50,
5670,-509,-31,
5671,-125,-25,
5672,-200,-1,
5673,-125,-25,
5674,-200,-1,
5675,-125,-25,
5676,-150,-25,
5677,-509,-45,
5678,-200,-51,
5679,-200,-1,
5680,-200,-101,