person_id,era_from,era_to,,
1,-540,-509,,
2,-550,-500,,
3,-550,-503,,
4,-550,-509,,
5,-550,-500,,
6,-550,-500,,
7,-550,-475,,
8,-550,-500,,
9,-550,-500,,
10,-550,-500,,
11,-550,-499,,
12,-550,-475,,
13,-550,-499,,
14,-550,-500,,
15,-550,-475,,
16,-550,-500,,
17,-550,-475,,
18,-550,-493,,
19,-550,-475,,
20,-550,-485,,
21,-550,-475,,
22,-550,-500,,
23,-550,-463,,
24,-550,-500,,
25,-550,-475,,
27,-550,-475,,
28,-550,-475,,
29,-550,-475,,
30,-550,-475,,
31,-550,-475,,
32,-550,-475,,
33,-550,-475,,
34,-550,-475,,
35,-525,-475,,
36,-525,-475,,
37,-525,-463,,
38,-525,-475,,
39,-525,-475,,
40,-525,-475,,
41,-525,-475,,
42,-525,-475,,
43,-525,-475,,
44,-525,-475,,
46,-525,-475,,
47,-525,-450,,
48,-525,-475,,
49,-525,-475,,
50,-525,-475,,
51,-525,-460,,
52,-525,-475,,
53,-525,-475,,
55,-525,-475,,
56,-525,-475,,
57,-525,-475,,
58,-525,-475,,
59,-525,-475,,
60,-525,-475,,
61,-525,-475,,
62,-525,-475,,
63,-525,-475,,
64,-525,-475,,
65,-525,-475,,
67,-525,-475,,
69,-525,-475,,
76,-510,-453,,
77,-525,-480,,
78,-525,-475,,
79,-525,-450,,
80,-525,-450,,
82,-525,-477,,
83,-525,-475,,
84,-510,-483,,
85,-525,-425,,
86,-525,-475,,
87,-525,-475,,
88,-525,-480,,
89,-525,-475,,
90,-525,-475,,
91,-510,-463,,
92,-525,-478,,
96,-525,-476,,
97,-525,-475,,
98,-525,-475,,
99,-525,-475,,
100,-525,-475,,
101,-525,-450,,
102,-525,-475,,
103,-525,-475,,
104,-525,-450,,
105,-525,-450,,
106,-525,-450,,
107,-525,-450,,
108,-525,-473,,
109,-525,-450,,
110,-525,-464,,
111,-525,-450,,
112,-500,-472,,
113,-525,-449,,
114,-525,-425,,
115,-525,-450,,
116,-525,-450,,
117,-525,-425,,
118,-525,-450,,
119,-525,-450,,
120,-525,-450,,
121,-500,-450,,
122,-500,-450,,
123,-500,-450,,
124,-500,-425,,
125,-525,-439,,
126,-525,-450,,
127,-500,-453,,
129,-500,-463,,
130,-500,-463,,
131,-500,-450,,
132,-500,-463,,
133,-500,-450,,
134,-500,-450,,
135,-500,-450,,
136,-500,-450,,
137,-500,-450,,
138,-500,-425,,
139,-500,-450,,
140,-500,-450,,
141,-500,-460,,
142,-519,-425,,
143,-500,-450,,
144,-500,-450,,
145,-500,-450,,
146,-500,-458,,
147,-500,-425,,
148,-500,-450,,
149,-500,-450,,
151,-500,-450,,
152,-500,-450,,
153,-500,-450,,
154,-500,-425,,
155,-500,-450,,
156,-500,-450,,
157,-500,-450,,
158,-500,-425,,
159,-500,-450,,
160,-500,-450,,
161,-514,-449,,
163,-500,-453,,
164,-500,-450,,
165,-510,-453,,
166,-500,-425,,
168,-500,-450,,
169,-500,-450,,
170,-500,-450,,
172,-500,-450,,
173,-500,-425,,
174,-500,-425,,
175,-500,-425,,
176,-500,-425,,
177,-500,-425,,
178,-500,-449,,
179,-500,-425,,
180,-480,-425,,
181,-500,-425,,
182,-500,-425,,
183,-500,-425,,
184,-500,-425,,
185,-500,-425,,
186,-500,-425,,
187,-500,-425,,
188,-500,-425,,
189,-500,-425,,
191,-500,-425,,
192,-500,-425,,
193,-500,-425,,
194,-500,-425,,
195,-500,-425,,
196,-500,-425,,
197,-500,-425,,
198,-500,-425,,
199,-500,-425,,
200,-500,-425,,
201,-500,-425,,
203,-500,-425,,
205,-500,-425,,
206,-500,-425,,
207,-500,-425,,
208,-500,-425,,
209,-475,-425,,
210,-475,-425,,
211,-475,-425,,
212,-475,-400,,
213,-475,-425,,
214,-475,-425,,
215,-475,-425,,
216,-475,-425,,
218,-475,-425,,
219,-475,-425,,
220,-475,-425,,
222,-475,-425,,
223,-475,-425,,
224,-475,-425,,
226,-475,-425,,
227,-475,-425,,
228,-475,-425,,
229,-475,-425,,
231,-475,-400,,
233,-475,-438,,
234,-475,-438,,
235,-475,-438,,
236,-475,-438,,
237,-475,-400,,
238,-475,-425,,
239,-475,-425,,
240,-475,-425,,
241,-475,-425,,
242,-475,-425,,
243,-475,-425,,
244,-475,-390,,
245,-475,-425,,
246,-475,-425,,
247,-475,-425,,
249,-475,-425,,
251,-475,-425,,
252,-475,-375,,
254,-475,-400,,
255,-475,-425,,
258,-510,-439,,
259,-475,-425,,
260,-475,-425,,
261,-475,-425,,
262,-475,-425,,
263,-475,-425,,
264,-475,-425,,
265,-475,-425,,
266,-475,-400,,
267,-475,-400,,
268,-475,-425,,
269,-475,-400,,
270,-475,-425,,
271,-475,-400,,
272,-475,-400,,
273,-475,-400,,
274,-475,-400,,
275,-475,-400,,
276,-475,-400,,
277,-475,-400,,
278,-475,-400,,
279,-475,-400,,
280,-475,-400,,
281,-475,-400,,
282,-475,-400,,
283,-475,-400,,
285,-475,-400,,
286,-475,-400,,
287,-475,-400,,
288,-475,-400,,
289,-475,-400,,
290,-475,-400,,
291,-450,-400,,
292,-475,-400,,
293,-450,-400,,
294,-450,-400,,
295,-450,-400,,
296,-450,-400,,
297,-450,-400,,
298,-450,-400,,
299,-450,-400,,
300,-450,-400,,
301,-450,-375,,
303,-450,-400,,
304,-450,-400,,
305,-450,-400,,
306,-450,-375,,
307,-450,-414,,
308,-450,-400,,
309,-450,-414,,
310,-450,-400,,
311,-450,-400,,
312,-450,-400,,
313,-450,-400,,
314,-450,-400,,
316,-450,-400,,
317,-450,-400,,
319,-450,-400,,
320,-450,-400,,
321,-450,-400,,
322,-450,-375,,
323,-450,-400,,
324,-450,-400,,
325,-450,-393,,
326,-450,-400,,
327,-450,-400,,
328,-450,-400,,
329,-475,-400,,
330,-450,-375,,
332,-450,-375,,
333,-450,-400,,
334,-450,-400,,
335,-450,-349,,
336,-450,-400,,
337,-450,-400,,
338,-450,-375,,
340,-448,-365,,
341,-450,-400,,
342,-450,-375,,
343,-450,-400,,
344,-450,-375,,
345,-450,-400,,
346,-450,-400,,
347,-450,-375,,
348,-450,-400,,
349,-450,-400,,
350,-450,-400,,
351,-450,-400,,
352,-450,-400,,
353,-450,-400,,
354,-450,-375,,
355,-450,-400,,
356,-450,-375,,
357,-450,-375,,
358,-450,-400,,
359,-450,-400,,
360,-450,-396,,
361,-450,-375,,
362,-450,-375,,
363,-450,-375,,
364,-450,-375,,
365,-450,-375,,
366,-450,-375,,
367,-450,-375,,
368,-450,-375,,
371,-450,-375,,
372,-450,-375,,
373,-450,-375,,
374,-450,-375,,
375,-450,-375,,
376,-450,-375,,
377,-450,-375,,
378,-450,-375,,
379,-450,-375,,
380,-425,-375,,
381,-425,-375,,
382,-425,-380,,
383,-425,-375,,
384,-425,-375,,
385,-425,-375,,
387,-425,-375,,
388,-425,-375,,
389,-425,-375,,
390,-425,-375,,
391,-425,-384,,
393,-425,-375,,
394,-425,-375,,
395,-425,-375,,
396,-425,-389,,
400,-450,-375,,
401,-425,-375,,
402,-450,-390,,
403,-425,-375,,
405,-425,-375,,
406,-425,-350,,
407,-425,-375,,
408,-425,-375,,
409,-425,-375,,
410,-425,-375,,
411,-425,-375,,
413,-425,-375,,
414,-409,-325,,
415,-450,-375,,
416,-425,-375,,
417,-425,-375,,
418,-425,-375,,
419,-425,-375,,
420,-425,-375,,
421,-425,-375,,
422,-425,-375,,
423,-425,-375,,
424,-425,-375,,
425,-425,-375,,
426,-425,-350,,
427,-425,-375,,
428,-425,-375,,
429,-425,-325,,
430,-425,-375,,
432,-425,-375,,
433,-425,-375,,
434,-425,-375,,
435,-425,-375,,
436,-425,-375,,
437,-425,-375,,
438,-425,-375,,
440,-425,-350,,
441,-425,-375,,
442,-425,-375,,
443,-425,-350,,
444,-425,-350,,
445,-425,-350,,
446,-425,-375,,
448,-425,-375,,
449,-425,-375,,
450,-425,-350,,
451,-425,-375,,
452,-425,-375,,
453,-425,-375,,
454,-425,-375,,
455,-425,-375,,
456,-425,-375,,
457,-425,-375,,
458,-425,-375,,
459,-425,-375,,
460,-425,-375,,
461,-425,-375,,
462,-425,-375,,
464,-425,-350,,
465,-425,-350,,
466,-425,-375,,
468,-400,-350,,
469,-400,-350,,
471,-425,-350,,
473,-400,-350,,
474,-400,-350,,
475,-400,-350,,
476,-400,-350,,
477,-400,-350,,
478,-400,-350,,
479,-400,-350,,
481,-400,-350,,
482,-400,-350,,
483,-400,-325,,
484,-425,-350,,
485,-400,-365,,
486,-400,-350,,
487,-400,-325,,
489,-400,-362,,
490,-400,-325,,
491,-392,-325,,
492,-400,-350,,
493,-400,-350,,
494,-400,-325,,
495,-400,-350,,
496,-400,-350,,
497,-380,-300,,
498,-400,-300,,
499,-400,-325,,
500,-400,-325,,
501,-400,-350,,
502,-400,-350,,
503,-400,-350,,
505,-400,-325,,
506,-400,-350,,
507,-400,-350,,
510,-378,-300,,
511,-400,-325,,
512,-400,-350,,
513,-385,-325,,
514,-400,-350,,
515,-377,-340,,
516,-400,-350,,
517,-377,-300,,
519,-391,-325,,
520,-400,-325,,
521,-400,-325,,
522,-371,-275,,
523,-400,-325,,
524,-400,-325,,
525,-400,-325,,
526,-400,-325,,
528,-375,-300,,
529,-375,-300,,
530,-375,-325,,
531,-375,-325,,
533,-370,-325,,
534,-375,-300,,
536,-375,-340,,
537,-400,-325,,
538,-377,-325,,
539,-363,-300,,
540,-375,-300,,
541,-375,-300,,
542,-375,-300,,
543,-375,-325,,
544,-375,-325,,
545,-350,-337,,
546,-375,-325,,
547,-375,-325,,
548,-375,-300,,
549,-375,-300,,
550,-375,-325,,
551,-375,-325,,
552,-375,-325,,
553,-375,-325,,
554,-375,-325,,
555,-325,-254,,
556,-375,-325,,
557,-375,-325,,
559,-355,-275,,
560,-369,-300,,
561,-375,-325,,
562,-375,-325,,
563,-375,-301,,
564,-375,-325,,
565,-375,-300,,
566,-375,-300,,
567,-364,-325,,
568,-375,-325,,
569,-375,-325,,
570,-375,-271,,
571,-375,-315,,
572,-356,-300,,
576,-375,-300,,
577,-375,-300,,
578,-375,-300,,
579,-375,-300,,
580,-375,-300,,
581,-375,-300,,
582,-375,-300,,
583,-350,-300,,
584,-350,-300,,
585,-350,-300,,
586,-350,-300,,
587,-350,-300,,
588,-350,-300,,
589,-350,-300,,
590,-350,-300,,
591,-341,-271,,
592,-350,-300,,
593,-350,-300,,
594,-350,-300,,
595,-350,-300,,
596,-340,-295,,
597,-350,-300,,
598,-350,-300,,
599,-350,-300,,
600,-350,-300,,
601,-340,-260,,
602,-350,-300,,
603,-334,-275,,
604,-350,-300,,
605,-350,-300,,
606,-350,-300,,
607,-350,-300,,
608,-350,-275,,
609,-350,-275,,
610,-350,-275,,
611,-350,-275,,
612,-375,-300,,
613,-350,-300,,
614,-350,-305,,
615,-338,-300,,
616,-350,-300,,
617,-350,-275,,
619,-350,-300,,
621,-350,-300,,
622,-350,-300,,
623,-350,-300,,
624,-375,-294,,
625,-350,-300,,
626,-350,-300,,
628,-350,-275,,
629,-350,-250,,
630,-350,-300,,
631,-350,-275,,
632,-323,-250,,
633,-350,-275,,
634,-350,-300,,
635,-350,-300,,
636,-350,-275,,
637,-350,-299,,
638,-331,-275,,
639,-350,-275,,
640,-324,-250,,
641,-324,-270,,
642,-320,-250,,
644,-350,-275,,
645,-350,-275,,
646,-350,-275,,
647,-325,-275,,
648,-325,-294,,
649,-325,-250,,
650,-325,-275,,
651,-325,-275,,
652,-325,-275,,
653,-325,-275,,
654,-325,-275,,
655,-325,-275,,
656,-325,-275,,
657,-325,-275,,
658,-320,-275,,
659,-325,-275,,
660,-325,-275,,
661,-325,-275,,
662,-325,-275,,
663,-325,-275,,
664,-325,-287,,
665,-325,-275,,
666,-325,-275,,
667,-325,-275,,
668,-325,-250,,
669,-325,-275,,
670,-325,-275,,
671,-325,-275,,
672,-325,-275,,
673,-341,-283,,
674,-325,-282,,
675,-314,-275,,
676,-325,-275,,
677,-325,-182,,
678,-325,-275,,
679,-325,-282,,
680,-325,-250,,
681,-325,-250,,
682,-325,-280,,
683,-311,-243,,
684,-325,-275,,
685,-325,-279,,
686,-325,-275,,
687,-325,-250,,
688,-325,-275,,
689,-325,-250,,
690,-325,-251,,
691,-325,-250,,
692,-299,-250,,
693,-300,-273,,
695,-325,-272,,
696,-325,-250,,
697,-325,-250,,
698,-300,-225,,
699,-295,-225,,
700,-302,-250,,
701,-300,-250,,
702,-300,-268,,
703,-300,-250,,
704,-300,-250,,
705,-300,-250,,
706,-300,-250,,
707,-300,-250,,
709,-300,-265,,
710,-297,-250,,
712,-289,-203,,
713,-300,-250,,
714,-300,-250,,
715,-300,-250,,
716,-300,-225,,
718,-300,-253,,
719,-294,-250,,
720,-300,-250,,
721,-300,-250,,
722,-300,-250,,
723,-300,-260,,
724,-300,-225,,
725,-300,-250,,
726,-300,-250,,
727,-295,-225,,
728,-300,-250,,
729,-300,-250,,
730,-300,-250,,
731,-300,-250,,
732,-300,-250,,
733,-300,-250,,
734,-300,-250,,
735,-300,-256,,
736,-300,-250,,
737,-300,-250,,
738,-300,-250,,
739,-300,-250,,
740,-310,-259,,
742,-300,-250,,
743,-300,-225,,
744,-283,-246,,
745,-300,-250,,
746,-300,-225,,
747,-300,-225,,
748,-300,-250,,
749,-300,-250,,
750,-300,-250,,
751,-300,-221,,
752,-325,-250,,
753,-300,-249,,
754,-300,-225,,
755,-273,-225,,
756,-300,-225,,
757,-280,-200,,
758,-299,-200,,
759,-300,-225,,
760,-300,-225,,
761,-273,-225,,
762,-278,-200,,
763,-275,-225,,
764,-275,-225,,
765,-275,-225,,
766,-300,-215,,
767,-275,-225,,
768,-274,-236,,
769,-275,-225,,
770,-275,-225,,
771,-264,-225,,
772,-275,-225,,
773,-275,-225,,
774,-275,-225,,
776,-274,-200,,
777,-275,-225,,
778,-273,-225,,
779,-275,-225,,
780,-279,-213,,
781,-270,-200,,
782,-275,-225,,
783,-275,-225,,
784,-275,-225,,
785,-275,-211,,
786,-300,-225,,
787,-279,-202,,
788,-275,-216,,
789,-272,-211,,
790,-275,-234,,
791,-275,-211,,
792,-277,-216,,
793,-261,-217,,
794,-275,-204,,
795,-275,-213,,
796,-275,-225,,
797,-275,-200,,
798,-275,-225,,
799,-275,-225,,
800,-275,-230,,
801,-275,-230,,
802,-275,-225,,
803,-265,-225,,
805,-275,-200,,
806,-263,-216,,
807,-254,-200,,
808,-275,-200,,
809,-275,-225,,
810,-270,-208,,
811,-275,-225,,
812,-259,-200,,
813,-263,-225,,
814,-275,-214,,
815,-250,-196,,
816,-250,-200,,
817,-256,-211,,
818,-251,-200,,
819,-275,-200,,
820,-275,-216,,
822,-275,-209,,
823,-255,-200,,
824,-260,-209,,
825,-275,-200,,
826,-275,-216,,
827,-262,-200,,
828,-275,-219,,
829,-250,-200,,
830,-250,-200,,
831,-300,-221,,
832,-255,-211,,
833,-250,-210,,
834,-247,-200,,
835,-250,-200,,
836,-250,-200,,
837,-250,-200,,
838,-250,-200,,
839,-250,-200,,
840,-250,-200,,
841,-250,-200,,
842,-250,-82,,
843,-250,-200,,
844,-250,-200,,
845,-250,-200,,
846,-250,-200,,
847,-250,-200,,
848,-250,-200,,
849,-250,-200,,
850,-250,-200,,
851,-250,-200,,
852,-257,-216,,
853,-275,-204,,
854,-250,-205,,
855,-250,-200,,
856,-269,-211,,
857,-250,-200,,
858,-247,-211,,
859,-250,-200,,
860,-250,-217,,
861,-250,-217,,
862,-250,-200,,
864,-250,-200,,
865,-250,-200,,
866,-250,-212,,
869,-250,-175,,
870,-250,-200,,
871,-250,-200,,
872,-250,-200,,
873,-250,-200,,
874,-243,-200,,
875,-250,-216,,
876,-250,-216,,
877,-249,-184,,
878,-235,-183,,
879,-249,-204,,
880,-250,-175,,
881,-250,-200,,
882,-243,-175,,
883,-250,-200,,
884,-250,-200,,
885,-152,-100,,
886,-250,-200,,
887,-250,-200,,
888,-250,-200,,
889,-258,-216,,
890,-300,-216,,
891,-245,-175,,
892,-275,-216,,
893,-250,-216,,
894,-250,-216,,
895,-250,-200,,
897,-150,-100,,
898,-250,-200,,
899,-250,-200,,
900,-250,-200,,
901,-250,-200,,
902,-250,-200,,
903,-250,-200,,
904,-245,-210,,
905,-241,-200,,
906,-250,-200,,
907,-234,-149,,
908,-242,-175,,
909,-250,-200,,
910,-250,-200,,
912,-243,-200,,
913,-250,-200,,
914,-243,-175,,
915,-250,-200,,
916,-250,-208,,
917,-250,-200,,
918,-250,-200,,
919,-237,-174,,
921,-250,-213,,
923,-249,-200,,
924,-242,-200,,
925,-250,-200,,
926,-244,-183,,
927,-250,-200,,
928,-250,-200,,
929,-250,-200,,
930,-232,-180,,
931,-238,-180,,
932,-250,-200,,
934,-250,-200,,
935,-250,-200,,
936,-250,-175,,
937,-251,-200,,
938,-250,-172,,
939,-250,-200,,
940,-250,-200,,
941,-250,-200,,
942,-250,-200,,
943,-250,-200,,
944,-250,-200,,
945,-250,-200,,
947,-250,-200,,
948,-244,-200,,
949,-240,-200,,
950,-250,-200,,
952,-234,-170,,
953,-236,-150,,
956,-250,-200,,
957,-250,-200,,
958,-250,-175,,
959,-250,-200,,
960,-250,-200,,
961,-250,-200,,
962,-250,-200,,
963,-250,-200,,
964,-225,-216,,
965,-250,-200,,
966,-250,-200,,
967,-230,-175,,
968,-250,-200,,
969,-250,-200,,
970,-250,-200,,
971,-250,-200,,
972,-250,-200,,
973,-250,-196,,
974,-250,-210,,
975,-280,-210,,
976,-230,-174,,
977,-230,-170,,
980,-250,-180,,
981,-275,-210,,
982,-250,-174,,
983,-250,-200,,
984,-250,-200,,
985,-250,-150,,
986,-235,-175,,
987,-247,-199,,
988,-250,-200,,
989,-236,-218,,
990,-250,-200,,
991,-250,-200,,
992,-235,-151,,
993,-239,-174,,
994,-250,-200,,
995,-250,-200,,
996,-238,-200,,
997,-238,-177,,
998,-250,-208,,
999,-229,-175,,
1000,-250,-200,,
1001,-250,-200,,
1002,-250,-200,,
1003,-250,-200,,
1004,-250,-208,,
1006,-249,-174,,
1007,-250,-175,,
1008,-250,-200,,
1009,-250,-200,,
1010,-237,-200,,
1011,-250,-200,,
1013,-250,-200,,
1014,-250,-200,,
1015,-250,-200,,
1016,-230,-175,,
1017,-250,-200,,
1018,-250,-200,,
1019,-250,-200,,
1020,-250,-200,,
1021,-233,-200,,
1022,-231,-200,,
1023,-238,-173,,
1024,-250,-172,,
1025,-232,-200,,
1026,-250,-200,,
1027,-250,-205,,
1028,-250,-200,,
1029,-250,-205,,
1031,-250,-204,,
1032,-250,-150,,
1033,-250,-200,,
1034,-239,-175,,
1035,-231,-175,,
1036,-250,-175,,
1037,-250,-200,,
1038,-250,-200,,
1039,-250,-200,,
1041,-250,-169,,
1042,-250,-200,,
1043,-250,-200,,
1045,-250,-203,,
1046,-232,-203,,
1047,-250,-203,,
1049,-250,-200,,
1050,-250,-200,,
1051,-250,-200,,
1052,-250,-189,,
1053,-229,-196,,
1054,-250,-200,,
1055,-250,-200,,
1056,-250,-200,,
1057,-250,-175,,
1058,-250,-200,,
1060,-230,-199,,
1062,-231,-175,,
1063,-228,-175,,
1064,-228,-187,,
1065,-243,-175,,
1067,-227,-152,,
1069,-250,-201,,
1070,-250,-200,,
1071,-250,-175,,
1072,-250,-175,,
1073,-250,-175,,
1074,-235,-175,,
1075,-230,-175,,
1076,-250,-200,,
1077,-250,-228,,
1079,-250,-200,,
1080,-250,-200,,
1081,-250,-150,,
1082,-250,-200,,
1084,-250,-164,,
1085,-250,-175,,
1086,-250,-175,,
1087,-250,-175,,
1088,-231,-190,,
1090,-220,-176,,
1091,-228,-175,,
1092,-250,-196,,
1093,-231,-175,,
1094,-250,-175,,
1095,-250,-175,,
1096,-250,-175,,
1097,-250,-196,,
1098,-250,-175,,
1099,-250,-175,,
1100,-250,-175,,
1101,-250,-175,,
1102,-250,-175,,
1103,-227,-175,,
1104,-250,-175,,
1105,-224,-175,,
1106,-250,-197,,
1107,-250,-197,,
1108,-250,-175,,
1109,-226,-175,,
1110,-230,-175,,
1111,-230,-150,,
1113,-250,-175,,
1114,-229,-175,,
1115,-229,-175,,
1116,-250,-175,,
1117,-221,-150,,
1118,-222,-150,,
1119,-250,-196,,
1121,-250,-175,,
1123,-250,-196,,
1124,-250,-196,,
1125,-220,-167,,
1126,-250,-180,,
1127,-250,-175,,
1128,-250,-180,,
1129,-250,-175,,
1130,-250,-175,,
1131,-221,-150,,
1132,-220,-175,,
1133,-250,-175,,
1134,-229,-160,,
1135,-250,-150,,
1137,-225,-175,,
1138,-225,-150,,
1139,-225,-150,,
1140,-225,-150,,
1141,-225,-175,,
1143,-225,-194,,
1145,-225,-194,,
1146,-225,-194,,
1147,-225,-175,,
1148,-225,-175,,
1149,-225,-175,,
1151,-221,-175,,
1152,-225,-175,,
1154,-226,-175,,
1157,-220,-174,,
1158,-225,-175,,
1160,-225,-193,,
1161,-225,-193,,
1162,-225,-193,,
1163,-230,-175,,
1164,-225,-175,,
1165,-225,-175,,
1166,-225,-175,,
1167,-225,-175,,
1168,-218,-175,,
1169,-225,-175,,
1170,-221,-180,,
1171,-225,-175,,
1172,-229,-150,,
1173,-209,-150,,
1174,-225,-175,,
1175,-225,-175,,
1176,-225,-175,,
1177,-225,-175,,
1178,-225,-175,,
1179,-225,-175,,
1180,-210,-175,,
1181,-225,-175,,
1182,-220,-150,,
1183,-225,-150,,
1184,-225,-175,,
1185,-225,-190,,
1186,-225,-175,,
1187,-215,-150,,
1188,-239,-167,,
1190,-225,-175,,
1191,-221,-175,,
1192,-225,-175,,
1193,-225,-150,,
1194,-222,-175,,
1195,-225,-175,,
1196,-225,-175,,
1197,-225,-175,,
1198,-225,-175,,
1200,-219,-150,,
1201,-224,-150,,
1204,-222,-175,,
1205,-230,-150,,
1206,-225,-175,,
1207,-225,-175,,
1208,-225,-175,,
1209,-225,-175,,
1211,-223,-125,,
1212,-217,-150,,
1213,-225,-175,,
1214,-217,-150,,
1215,-216,-175,,
1216,-217,-175,,
1217,-225,-175,,
1218,-225,-175,,
1219,-219,-176,,
1220,-225,-186,,
1221,-225,-175,,
1222,-230,-180,,
1223,-225,-175,,
1224,-225,-175,,
1225,-225,-175,,
1226,-225,-175,,
1227,-250,-175,,
1228,-225,-175,,
1229,-229,-169,,
1231,-225,-175,,
1232,-220,-150,,
1233,-225,-150,,
1234,-225,-150,,
1235,-225,-175,,
1236,-225,-175,,
1237,-225,-175,,
1238,-225,-175,,
1239,-229,-184,,
1240,-218,-175,,
1241,-225,-183,,
1242,-222,-172,,
1243,-225,-175,,
1244,-225,-175,,
1245,-225,-175,,
1246,-225,-175,,
1247,-225,-150,,
1248,-204,-125,,
1249,-225,-175,,
1250,-225,-175,,
1251,-217,-150,,
1253,-225,-150,,
1254,-225,-175,,
1255,-238,-175,,
1256,-225,-175,,
1257,-225,-175,,
1258,-225,-175,,
1259,-225,-150,,
1260,-225,-175,,
1262,-225,-175,,
1263,-225,-150,,
1264,-225,-175,,
1265,-201,-125,,
1266,-209,-150,,
1267,-225,-175,,
1268,-225,-175,,
1269,-225,-150,,
1270,-203,-150,,
1271,-225,-150,,
1272,-225,-150,,
1273,-225,-150,,
1274,-225,-175,,
1275,-213,-150,,
1276,-225,-175,,
1277,-225,-180,,
1278,-216,-150,,
1279,-211,-150,,
1281,-225,-175,,
1282,-225,-175,,
1283,-225,-150,,
1284,-225,-175,,
1285,-215,-150,,
1286,-196,-125,,
1287,-225,-175,,
1288,-225,-150,,
1289,-225,-150,,
1290,-225,-150,,
1291,-215,-150,,
1292,-225,-175,,
1295,-225,-150,,
1296,-225,-150,,
1297,-225,-175,,
1298,-225,-175,,
1300,-225,-175,,
1301,-225,-175,,
1302,-225,-175,,
1303,-225,-175,,
1304,-225,-150,,
1305,-225,-178,,
1306,-225,-175,,
1308,-225,-150,,
1309,-225,-175,,
1310,-225,-175,,
1311,-225,-175,,
1312,-219,-150,,
1314,-225,-175,,
1315,-225,-175,,
1318,-208,-148,,
1319,-225,-175,,
1320,-225,-150,,
1321,-225,-150,,
1322,-225,-175,,
1323,-219,-170,,
1324,-225,-150,,
1325,-225,-150,,
1326,-225,-150,,
1327,-225,-150,,
1328,-225,-150,,
1329,-225,-150,,
1330,-225,-150,,
1331,-225,-150,,
1332,-225,-150,,
1333,-225,-150,,
1334,-225,-150,,
1335,-225,-150,,
1336,-210,-150,,
1337,-210,-150,,
1338,-210,-150,,
1339,-225,-171,,
1340,-225,-150,,
1341,-225,-173,,
1342,-225,-150,,
1343,-225,-150,,
1344,-225,-150,,
1345,-225,-150,,
1346,-225,-150,,
1347,-225,-150,,
1348,-225,-150,,
1349,-225,-150,,
1350,-225,-150,,
1352,-225,-150,,
1353,-212,-150,,
1354,-225,-150,,
1355,-225,-150,,
1356,-209,-162,,
1357,-225,-150,,
1358,-225,-150,,
1359,-225,-150,,
1360,-225,-150,,
1362,-205,-121,,
1363,-225,-150,,
1364,-225,-150,,
1365,-225,-150,,
1366,-210,-126,,
1367,-225,-150,,
1369,-225,-150,,
1370,-225,-150,,
1371,-225,-150,,
1372,-225,-150,,
1373,-209,-150,,
1374,-225,-150,,
1375,-225,-150,,
1376,-225,-150,,
1377,-203,-150,,
1378,-225,-150,,
1379,-225,-150,,
1380,-225,-150,,
1382,-225,-150,,
1383,-225,-150,,
1384,-209,-125,,
1385,-225,-150,,
1386,-225,-150,,
1387,-225,-163,,
1388,-225,-150,,
1389,-225,-150,,
1390,-225,-125,,
1391,-225,-150,,
1392,-225,-150,,
1393,-225,-150,,
1394,-200,-150,,
1395,-200,-150,,
1396,-206,-141,,
1397,-200,-150,,
1398,-200,-150,,
1399,-200,-150,,
1400,-200,-150,,
1403,-200,-150,,
1404,-196,-125,,
1405,-200,-150,,
1406,-199,-154,,
1407,-200,-150,,
1408,-200,-150,,
1409,-200,-150,,
1410,-200,-150,,
1411,-200,-150,,
1412,-200,-150,,
1413,-200,-150,,
1414,-200,-150,,
1415,-200,-161,,
1416,-200,-150,,
1417,-191,-130,,
1418,-200,-150,,
1420,-195,-125,,
1421,-200,-150,,
1422,-189,-130,,
1423,-200,-150,,
1424,-188,-115,,
1425,-225,-150,,
1426,-200,-150,,
1427,-200,-150,,
1428,-200,-150,,
1429,-225,-150,,
1430,-200,-150,,
1431,-200,-150,,
1433,-200,-152,,
1434,-200,-150,,
1435,-200,-150,,
1436,-200,-150,,
1437,-200,-150,,
1438,-200,-150,,
1439,-200,-164,,
1440,-200,-150,,
1441,-200,-150,,
1442,-200,-150,,
1443,-200,-150,,
1444,-200,-150,,
1445,-200,-150,,
1446,-200,-150,,
1447,-200,-150,,
1448,-200,-150,,
1449,-193,-150,,
1450,-200,-150,,
1451,-200,-150,,
1452,-186,-130,,
1453,-200,-150,,
1454,-200,-150,,
1455,-200,-150,,
1456,-200,-150,,
1457,-200,-150,,
1460,-204,-150,,
1461,-200,-150,,
1462,-200,-150,,
1463,-200,-150,,
1464,-200,-150,,
1465,-199,-124,,
1466,-199,-152,,
1468,-200,-125,,
1469,-200,-150,,
1470,-200,-150,,
1471,-200,-125,,
1472,-200,-150,,
1473,-200,-150,,
1474,-200,-125,,
1475,-200,-125,,
1476,-200,-150,,
1479,-200,-150,,
1480,-196,-125,,
1481,-200,-155,,
1482,-200,-150,,
1483,-200,-125,,
1484,-200,-150,,
1485,-187,-125,,
1486,-200,-154,,
1487,-200,-150,,
1489,-200,-150,,
1492,-180,-129,,
1493,-200,-150,,
1494,-200,-150,,
1495,-193,-125,,
1496,-250,-150,,
1497,-250,-150,,
1498,-200,-150,,
1499,-200,-125,,
1500,-179,-130,,
1502,-191,-125,,
1503,-200,-125,,
1504,-185,-129,,
1506,-179,-125,,
1507,-200,-148,,
1508,-200,-125,,
1509,-200,-125,,
1510,-177,-100,,
1511,-177,-125,,
1512,-200,-125,,
1513,-182,-132,,
1514,-200,-125,,
1515,-200,-125,,
1516,-200,-150,,
1518,-200,-125,,
1519,-200,-125,,
1520,-200,-125,,
1521,-200,-125,,
1522,-200,-146,,
1523,-166,-100,,
1524,-190,-125,,
1525,-162,-133,,
1529,-200,-125,,
1530,-200,-125,,
1531,-200,-125,,
1532,-200,-125,,
1533,-189,-125,,
1534,-200,-125,,
1535,-200,-125,,
1536,-200,-125,,
1537,-200,-125,,
1538,-200,-125,,
1541,-200,-125,,
1542,-181,-125,,
1543,-200,-125,,
1544,-200,-125,,
1545,-182,-125,,
1546,-200,-125,,
1547,-200,-125,,
1548,-172,-125,,
1549,-200,-125,,
1550,-175,-125,,
1551,-184,-125,,
1552,-184,-100,,
1553,-180,-100,,
1554,-175,-125,,
1555,-175,-125,,
1556,-183,-125,,
1557,-175,-125,,
1558,-175,-125,,
1559,-175,-125,,
1560,-169,-125,,
1561,-175,-125,,
1562,-175,-141,,
1563,-200,-125,,
1565,-181,-125,,
1566,-175,-140,,
1567,-178,-114,,
1568,-175,-130,,
1569,-175,-125,,
1570,-175,-125,,
1571,-175,-140,,
1572,-200,-125,,
1573,-179,-125,,
1574,-175,-125,,
1575,-180,-125,,
1576,-190,-125,,
1577,-175,-125,,
1578,-175,-125,,
1579,-175,-137,,
1581,-175,-125,,
1582,-175,-125,,
1583,-170,-100,,
1584,-175,-125,,
1585,-175,-125,,
1587,-175,-125,,
1589,-175,-125,,
1590,-175,-100,,
1591,-185,-131,,
1592,-175,-125,,
1594,-164,-100,,
1595,-175,-100,,
1596,-158,-75,,
1597,-175,-125,,
1598,-154,-121,,
1599,-175,-125,,
1600,-175,-129,,
1601,-175,-125,,
1602,-175,-125,,
1603,-175,-125,,
1604,-175,-125,,
1605,-175,-125,,
1606,-175,-125,,
1607,-163,-125,,
1608,-175,-125,,
1609,-175,-125,,
1612,-175,-125,,
1613,-170,-87,,
1614,-175,-125,,
1615,-175,-100,,
1616,-175,-125,,
1617,-175,-125,,
1618,-175,-100,,
1620,-175,-125,,
1621,-175,-125,,
1622,-163,-125,,
1623,-163,-100,,
1624,-168,-121,,
1626,-175,-125,,
1627,-175,-100,,
1628,-175,-125,,
1629,-150,-100,,
1630,-169,-103,,
1631,-175,-125,,
1632,-175,-125,,
1633,-175,-100,,
1634,-175,-100,,
1635,-175,-100,,
1636,-166,-100,,
1637,-175,-125,,
1638,-154,-123,,
1639,-175,-57,,
1640,-175,-125,,
1642,-175,-100,,
1643,-175,-100,,
1644,-175,-100,,
1645,-163,-88,,
1646,-141,-113,,
1648,-175,-100,,
1649,-161,-103,,
1650,-175,-121,,
1651,-155,-109,,
1652,-175,-100,,
1653,-175,-100,,
1655,-175,-100,,
1656,-175,-118,,
1657,-161,-100,,
1658,-175,-100,,
1660,-158,-86,,
1662,-149,-100,,
1663,-154,-100,,
1665,-175,-100,,
1666,-155,-100,,
1667,-175,-75,,
1668,-175,-100,,
1669,-175,-100,,
1670,-175,-100,,
1671,-175,-100,,
1674,-175,-100,,
1675,-160,-120,,
1676,-150,-100,,
1677,-175,-100,,
1678,-150,-100,,
1679,-140,-91,,
1680,-175,-100,,
1682,-157,-100,,
1683,-150,-105,,
1686,-175,-100,,
1687,-175,-100,,
1689,-175,-100,,
1692,-140,-82,,
1693,-152,-75,,
1695,-154,-111,,
1696,-175,-100,,
1697,-150,-100,,
1698,-141,-114,,
1700,-150,-113,,
1701,-157,-100,,
1702,-175,-100,,
1703,-150,-100,,
1704,-150,-100,,
1705,-143,-87,,
1706,-150,-100,,
1707,-150,-100,,
1712,-150,-107,,
1713,-150,-111,,
1714,-150,-100,,
1715,-150,-107,,
1716,-150,-100,,
1718,-151,-100,,
1719,-150,-100,,
1720,-149,-100,,
1722,-142,-100,,
1723,-150,-100,,
1724,-150,-100,,
1725,-150,-100,,
1726,-150,-100,,
1727,-175,-100,,
1728,-142,-89,,
1730,-175,-100,,
1731,-149,-87,,
1732,-150,-100,,
1733,-150,-75,,
1734,-142,-100,,
1735,-150,-109,,
1739,-150,-100,,
1740,-150,-75,,
1741,-150,-100,,
1742,-143,-100,,
1743,-154,-75,,
1744,-140,-75,,
1745,-150,-100,,
1746,-138,-78,,
1747,-150,-100,,
1748,-140,-100,,
1749,-150,-103,,
1750,-147,-45,,
1751,-150,-50,,
1752,-150,-100,,
1753,-141,-92,,
1754,-150,-75,,
1755,-150,-100,,
1756,-124,-91,,
1757,-150,-88,,
1758,-150,-100,,
1759,-150,-100,,
1760,-150,-100,,
1761,-143,-100,,
1762,-150,-100,,
1763,-139,-89,,
1764,-136,-75,,
1765,-150,-100,,
1766,-133,-100,,
1767,-132,-87,,
1768,-250,-100,,
1769,-150,-104,,
1770,-150,-100,,
1771,-150,-100,,
1773,-150,-100,,
1774,-135,-75,,
1775,-150,-100,,
1776,-150,-89,,
1777,-150,-75,,
1778,-150,-75,,
1779,-150,-100,,
1780,-150,-87,,
1781,-150,-102,,
1782,-150,-100,,
1783,-150,-102,,
1784,-150,-75,,
1785,-150,-100,,
1786,-150,-102,,
1787,-175,-75,,
1788,-150,-100,,
1789,-150,-50,,
1790,-150,-100,,
1791,-150,-75,,
1792,-150,-75,,
1794,-150,-100,,
1795,-150,-75,,
1796,-131,-90,,
1797,-150,-100,,
1798,-130,-87,,
1799,-175,-75,,
1800,-159,-109,,
1801,-150,-75,,
1802,-135,-85,,
1803,-150,-100,,
1804,-150,-98,,
1805,-139,-88,,
1806,-130,-98,,
1807,-150,-76,,
1808,-200,-150,,
1809,-150,-100,,
1811,-150,-75,,
1812,-150,-75,,
1813,-150,-75,,
1814,-134,-44,,
1815,-149,-70,,
1816,-150,-82,,
1817,-150,-75,,
1818,-123,-71,,
1819,-136,-75,,
1820,-150,-75,,
1821,-150,-75,,
1822,-135,-50,,
1824,-150,-75,,
1825,-150,-75,,
1826,-148,-49,,
1828,-125,-90,,
1829,-150,-75,,
1830,-175,-75,,
1831,-150,-93,,
1832,-125,-75,,
1833,-150,-75,,
1834,-150,-75,,
1835,-124,-82,,
1836,-150,-75,,
1837,-125,-90,,
1839,-125,-75,,
1841,-150,-89,,
1842,-139,-75,,
1843,-129,-75,,
1845,-125,-75,,
1847,-150,-75,,
1848,-125,-75,,
1849,-125,-91,,
1850,-125,-75,,
1851,-125,-50,,
1853,-125,-75,,
1854,-150,-56,,
1860,-125,-75,,
1861,-125,-75,,
1863,-125,-75,,
1864,-125,-75,,
1865,-129,-60,,
1866,-124,-73,,
1867,-125,-75,,
1868,-125,-75,,
1869,-125,-75,,
1870,-125,-75,,
1871,-125,-84,,
1872,-131,-87,,
1873,-130,-87,,
1874,-125,-90,,
1875,-125,-75,,
1876,-124,-53,,
1877,-124,-83,,
1878,-150,-100,,
1880,-125,-75,,
1881,-125,-75,,
1882,-126,-56,,
1883,-125,-87,,
1884,-125,-91,,
1885,-125,-75,,
1886,-124,-88,,
1888,-175,-75,,
1889,-129,-64,,
1891,-130,-50,,
1892,-125,-75,,
1894,-125,-89,,
1895,-125,-75,,
1896,-125,-50,,
1897,-125,-75,,
1898,-125,-75,,
1900,-125,-75,,
1901,-150,-75,,
1902,-114,-50,,
1903,-117,-56,,
1904,-125,-75,,
1905,-125,-75,,
1908,-125,-75,,
1909,-125,-50,,
1910,-125,-50,,
1911,-125,-75,,
1912,-150,-50,,
1913,-125,-89,,
1914,-125,-75,,
1915,-125,-75,,
1916,-125,-75,,
1917,-125,-75,,
1918,-125,-75,,
1919,-125,-75,,
1920,-125,-89,,
1922,-125,-75,,
1924,-125,-75,,
1928,-125,-87,,
1929,-125,-75,,
1930,-125,-50,,
1931,-125,-75,,
1932,-124,-75,,
1933,-125,-88,,
1934,-125,-70,,
1935,-125,-75,,
1936,-125,-75,,
1937,-125,-75,,
1938,-125,-86,,
1939,-120,-75,,
1940,-125,-82,,
1941,-125,-87,,
1942,-115,-75,,
1944,-125,-75,,
1945,-125,-75,,
1946,-115,-85,,
1947,-111,-75,,
1949,-121,-59,,
1951,-125,-75,,
1952,-125,-75,,
1955,-125,-75,,
1956,-125,-87,,
1957,-100,-44,,
1959,-125,-75,,
1960,-125,-75,,
1961,-125,-75,,
1962,-125,-75,,
1963,-116,-27,,
1964,-125,-83,,
1965,-125,-50,,
1966,-125,-75,,
1967,-125,-41,,
1969,-125,-25,,
1970,-125,-80,,
1971,-125,-75,,
1972,-125,-75,,
1973,-117,-77,,
1974,-114,-46,,
1976,-106,-48,,
1977,-125,-82,,
1978,-125,-75,,
1979,-125,-75,,
1980,-125,-80,,
1981,-115,-53,,
1982,-116,-50,,
1983,-108,-75,,
1984,-125,-75,,
1985,-125,-75,,
1986,-125,-72,,
1987,-125,-75,,
1988,-125,-75,,
1989,-125,-80,,
1990,-125,-75,,
1991,-125,-81,,
1992,-109,-50,,
1993,-125,-77,,
1995,-125,-82,,
1996,-125,-82,,
1997,-125,-75,,
1998,-125,-62,,
1999,-125,-75,,
2001,-125,-75,,
2002,-125,-75,,
2003,-124,-82,,
2004,-125,-82,,
2005,-125,-75,,
2006,-125,-75,,
2007,-125,-75,,
2008,-125,-75,,
2009,-125,-75,,
2010,-125,-75,,
2011,-125,-80,,
2012,-114,-63,,
2013,-125,-71,,
2014,-125,-75,,
2015,-125,-75,,
2017,-125,-75,,
2018,-125,-81,,
2019,-125,-75,,
2020,-125,-75,,
2021,-129,-44,,
2022,-125,-80,,
2023,-120,-75,,
2024,-125,-75,,
2025,-125,-75,,
2026,-120,-50,,
2027,-105,-58,,
2028,-125,-25,,
2030,-125,-75,,
2031,-119,-75,,
2032,-125,-50,,
2033,-125,-75,,
2034,-150,-79,,
2035,-118,-67,,
2036,-125,-74,,
2037,-125,-75,,
2038,-125,-50,,
2040,-103,-59,,
2041,-125,-75,,
2042,-125,-45,,
2043,-125,-75,,
2044,-110,-40,,
2045,-108,-75,,
2048,-125,-77,,
2049,-125,-69,,
2050,-125,-50,,
2051,-125,-75,,
2052,-109,-76,,
2053,-125,-73,,
2055,-125,-75,,
2056,-125,-77,,
2057,-125,-71,,
2058,-125,-71,,
2059,-125,-75,,
2060,-125,-75,,
2061,-125,-75,,
2062,-100,-25,,
2063,-125,-50,,
2064,-115,-65,,
2066,-115,-50,,
2067,-125,-50,,
2068,-125,-50,,
2069,-125,-75,,
2070,-108,-46,,
2071,-125,-50,,
2072,-106,-43,,
2074,-125,-46,,
2075,-108,-50,,
2076,-125,-50,,
2077,-125,-72,,
2078,-119,-49,,
2079,-125,-50,,
2080,-125,-50,,
2081,-117,-50,,
2082,-105,-45,,
2085,-125,-50,,
2086,-125,-50,,
2087,-125,-50,,
2088,-106,-43,,
2089,-125,-75,,
2090,-125,-50,,
2091,-125,-50,,
2092,-125,-50,,
2093,-125,-50,,
2094,-125,-50,,
2095,-125,-50,,
2096,-125,-50,,
2097,-125,-50,,
2098,-125,-72,,
2099,-125,-50,,
2100,-125,-73,,
2101,-125,-50,,
2102,-125,-50,,
2103,-108,-66,,
2104,-125,-50,,
2105,-125,-50,,
2106,-125,-41,,
2107,-104,-50,,
2109,-125,-50,,
2110,-125,-50,,
2111,-125,-50,,
2112,-125,-50,,
2113,-125,-50,,
2114,-125,-50,,
2115,-125,-50,,
2116,-125,-50,,
2117,-125,-50,,
2118,-125,-50,,
2119,-111,-54,,
2120,-107,-56,,
2121,-100,-50,,
2122,-100,-50,,
2125,-125,-50,,
2126,-125,-50,,
2127,-125,-50,,
2128,-125,-50,,
2130,-125,-25,,
2131,-125,-25,,
2132,-125,-50,,
2133,-125,-50,,
2134,-125,-50,,
2135,-125,-50,,
2136,-125,-50,,
2137,-125,-50,,
2138,-125,-50,,
2140,-97,-48,,
2141,-125,-50,,
2142,-125,-50,,
2143,-125,-50,,
2144,-125,-50,,
2145,-125,-50,,
2146,-125,-71,,
2147,-125,-50,,
2148,-125,-71,,
2149,-125,-71,,
2150,-150,-68,,
2151,-125,-63,,
2152,-125,-50,,
2154,-125,-50,,
2155,-125,-50,,
2156,-125,-50,,
2157,-120,-50,,
2159,-125,-50,,
2160,-125,-50,,
2162,-125,-50,,
2163,-119,-25,,
2164,-110,-50,,
2165,-125,-50,,
2166,-125,-50,,
2167,-125,-50,,
2168,-125,-25,,
2169,-125,-50,,
2170,-105,-50,,
2173,-125,-50,,
2175,-100,-50,,
2176,-100,-50,,
2177,-109,-50,,
2178,-125,-25,,
2179,-109,-47,,
2180,-100,-50,,
2181,-100,-50,,
2182,-125,-25,,
2184,-125,-50,,
2186,-100,-50,,
2189,-100,-50,,
2190,-100,-50,,
2191,-100,-57,,
2192,-100,-64,,
2193,-105,-50,,
2195,-110,-56,,
2196,-100,-56,,
2197,-100,-50,,
2198,-90,-46,,
2199,-100,-50,,
2200,-110,-50,,
2201,-110,-50,,
2202,-110,-50,,
2203,-100,-50,,
2204,-100,-50,,
2205,-110,-46,,
2206,-100,-50,,
2207,-100,-50,,
2208,-100,-25,,
2211,-100,-50,,
2212,-100,-50,,
2213,-100,-50,,
2214,-100,-50,,
2215,-100,-50,,
2216,-102,-43,,
2219,-91,-52,,
2220,-125,-50,,
2222,-107,-25,,
2223,-100,-50,,
2224,-100,-50,,
2225,-100,-41,,
2226,-100,-44,,
2227,-100,-50,,
2228,-100,-50,,
2229,-100,-50,,
2230,-100,-50,,
2231,-100,-50,,
2233,-100,-50,,
2234,-100,-47,,
2235,-100,-50,,
2236,-100,-50,,
2237,-100,-50,,
2238,-100,-50,,
2241,-95,-46,,
2242,-100,-48,,
2243,-100,-50,,
2244,-100,-50,,
2246,-100,-50,,
2247,-100,-50,,
2249,-100,-50,,
2250,-100,-25,,
2252,-100,-50,,
2253,-100,-45,,
2254,-69,-35,,
2255,-100,-50,,
2256,-125,-50,,
2257,-125,-50,,
2258,-100,-50,,
2259,-100,-25,,
2260,-100,-50,,
2261,-99,-50,,
2262,-92,-50,,
2263,-100,-50,,
2264,-98,-48,,
2265,-100,-44,,
2266,-100,-25,,
2267,-125,-25,,
2268,-100,-50,,
2270,-100,-50,,
2271,-106,-50,,
2272,-102,-48,,
2273,-100,-50,,
2274,-100,-64,,
2275,-100,-50,,
2276,-125,-25,,
2277,-100,-50,,
2279,-100,-50,,
2280,-125,-46,,
2281,-100,-50,,
2282,-100,-50,,
2284,-100,-50,,
2286,-103,-59,,
2287,-125,-50,,
2289,-100,-50,,
2290,-101,-47,,
2291,-100,-25,,
2292,-100,-45,,
2293,-100,-50,,
2294,-100,-50,,
2295,-100,-25,,
2296,-100,-25,,
2297,-95,-25,,
2299,-100,-50,,
2300,-89,-46,,
2301,-100,-50,,
2303,-100,-25,,
2305,-100,-50,,
2306,-100,-50,,
2307,-100,-50,,
2308,-100,-43,,
2310,-100,-50,,
2311,-125,-50,,
2312,-100,-25,,
2313,-99,-20,,
2314,-100,-50,,
2315,-100,-50,,
2316,-99,-43,,
2317,-100,-50,,
2318,-100,-50,,
2319,-100,-50,,
2320,-100,-50,,
2321,-125,-40,,
2323,-100,-50,,
2324,-100,-25,,
2325,-100,-25,,
2326,-100,-50,,
2328,-90,-25,,
2329,-100,-50,,
2330,-100,-50,,
2331,-100,-50,,
2332,-100,-25,,
2333,-100,-50,,
2334,-100,-50,,
2336,-100,-43,,
2338,-100,-50,,
2340,-99,-35,,
2341,-90,-13,,
2344,-125,-50,,
2346,-100,-50,,
2347,-95,-46,,
2348,-100,-47,,
2349,-100,-45,,
2350,-99,-25,,
2351,-100,-50,,
2352,-90,-42,,
2355,-150,-59,,
2356,-98,-48,,
2357,-100,-25,,
2358,-100,-43,,
2359,-100,-46,,
2360,-100,-50,,
2361,-100,-50,,
2362,-100,-50,,
2363,-100,-50,,
2364,-100,-50,,
2365,-99,-25,,
2366,-89,-57,,
2367,-100,-25,,
2368,-100,-50,,
2369,-100,-54,,
2370,-100,-43,,
2371,-100,-54,,
2372,-86,-53,,
2373,-100,-56,,
2374,-83,-46,,
2375,-97,-47,,
2376,-100,-41,,
2377,-100,-41,,
2379,-100,-45,,
2381,-100,-48,,
2382,-100,-50,,
2383,-100,-25,,
2385,-100,-50,,
2386,-100,-25,,
2388,-100,-50,,
2389,-100,-25,,
2390,-100,-50,,
2391,-100,-50,,
2392,-83,-30,,
2393,-125,-50,,
2394,-75,-42,,
2396,-100,-40,,
2397,-100,-44,,
2398,-95,-45,,
2399,-100,-25,,
2401,-100,-44,,
2402,-100,-50,,
2403,-100,-25,,
2404,-100,-50,,
2405,-125,-50,,
2406,-100,-50,,
2407,-100,-25,,
2408,-100,-25,,
2409,-100,-25,,
2411,-100,-50,,
2412,-100,-50,,
2413,-100,-50,,
2414,-100,-50,,
2416,-100,-50,,
2417,-82,-48,,
2418,-100,-50,,
2419,-100,-50,,
2420,-100,-50,,
2421,-100,-50,,
2422,-100,-43,,
2423,-100,-50,,
2424,-100,-25,,
2426,-100,-25,,
2427,-100,-25,,
2428,-100,-50,,
2429,-86,-35,,
2430,-109,-40,,
2432,-100,-50,,
2433,-99,-40,,
2434,-100,-25,,
2435,-100,-25,,
2436,-100,-25,,
2437,-100,-25,,
2438,-100,-25,,
2439,-100,-50,,
2440,-100,-25,,
2441,-100,-50,,
2442,-100,-41,,
2443,-99,-49,,
2444,-100,-50,,
2445,-100,-50,,
2446,-100,-54,,
2447,-100,-53,,
2449,-89,-43,,
2450,-89,0,,
2451,-100,-53,,
2452,-100,-53,,
2453,-100,-50,,
2455,-100,-45,,
2456,-100,-25,,
2457,-100,-25,,
2458,-82,-42,,
2459,-85,-42,,
2461,-100,-25,,
2462,-100,-50,,
2463,-100,-50,,
2464,-85,-53,,
2465,-85,-53,,
2466,-100,-25,,
2467,-100,-25,,
2468,-100,-25,,
2472,-100,-50,,
2473,-100,-50,,
2474,-100,-25,,
2476,-100,-50,,
2477,-100,-25,,
2478,-100,-50,,
2479,-100,-25,,
2480,-125,-25,,
2481,-89,-47,,
2482,-100,-25,,
2483,-100,-50,,
2484,-100,-50,,
2485,-100,-50,,
2486,-100,-25,,
2487,-100,-50,,
2488,-100,-50,,
2489,-100,-43,,
2490,-100,-50,,
2491,-100,-25,,
2493,-100,-50,,
2494,-100,-50,,
2495,-89,-43,,
2496,-100,-25,,
2497,-80,-41,,
2498,-100,-25,,
2499,-100,-50,,
2500,-100,-50,,
2501,-100,-50,,
2502,-100,-51,,
2503,-100,-50,,
2504,-100,-50,,
2506,-100,-30,,
2507,-100,-50,,
2508,-100,-50,,
2510,-100,-25,,
2511,-100,-50,,
2512,-100,-50,,
2515,-69,-43,,
2516,-100,-50,,
2518,-90,0,,
2519,-100,-50,,
2520,-100,-42,,
2521,-95,-17,,
2522,-100,-47,,
2523,-100,-25,,
2524,-100,-25,,
2525,-100,-50,,
2527,-100,-50,,
2528,-100,-50,,
2529,-100,-50,,
2534,-89,-25,,
2536,-119,-26,,
2537,-100,-25,,
2538,-100,-25,,
2539,-100,-25,,
2540,-100,-25,,
2541,-100,-25,,
2542,-100,-42,,
2543,-100,0,,
2544,-100,-25,,
2546,-100,-25,,
2547,-100,-25,,
2548,-100,-25,,
2549,-100,-49,,
2550,-79,Comparison operators must be supplied two values of the same da,,
2552,-100,-25,,
2554,-100,-42,,
2555,-100,-25,,
2557,-100,-25,,
2558,-100,-25,,
2559,-100,-46,,
2560,-100,0,,
2561,-100,-25,,
2562,-100,-25,,
2563,-65,0,,
2564,-100,-25,,
2565,-100,-25,,
2566,-100,-25,,
2567,-125,-25,,
2568,-100,-25,,
2570,-100,-25,,
2571,-89,-33,,
2572,-100,-48,,
2573,-90,-42,,
2574,-100,-25,,
2575,-100,-25,,
2576,-100,-46,,
2577,-100,-25,,
2578,-100,-30,,
2579,-100,-25,,
2580,-100,-25,,
2581,-100,-25,,
2582,-100,-25,,
2583,-100,-25,,
2584,-100,-25,,
2585,-100,-25,,
2586,-100,-25,,
2587,-100,-25,,
2588,-100,-39,,
2589,-100,-25,,
2591,-100,-25,,
2593,-100,-25,,
2594,-100,-25,,
2595,-100,-25,,
2596,-100,-25,,
2598,-100,-25,,
2600,-100,-25,,
2601,-100,-25,,
2602,-100,-25,,
2605,-100,-43,,
2606,-100,-25,,
2608,-100,-25,,
2609,-100,-25,,
2610,-100,-46,,
2611,-100,-42,,
2612,-100,-25,,
2613,-100,-25,,
2614,-100,-25,,
2615,-100,-25,,
2617,-100,-46,,
2618,-100,-30,,
2619,-100,-45,,
2620,-100,-25,,
2621,-100,-25,,
2622,-100,-25,,
2623,-100,-25,,
2625,-100,-25,,
2626,-100,-25,,
2627,-100,-25,,
2628,-100,-25,,
2629,-75,-25,,
2630,-100,-25,,
2631,-100,-25,,
2632,-67,-43,,
2633,-100,-42,,
2634,-100,-30,,
2635,-100,-25,,
2637,-100,-43,,
2638,-98,-37,,
2639,-100,0,,
2640,-100,-25,,
2641,-100,-25,,
2643,-100,-25,,
2644,-100,-25,,
2645,-100,-44,,
2647,-100,-25,,
2648,-100,-25,,
2649,-100,-25,,
2650,-100,-25,,
2651,-100,-25,,
2652,-100,-25,,
2653,-100,-25,,
2654,-100,-25,,
2655,-100,-25,,
2656,-100,-25,,
2657,-100,-25,,
2659,-75,-25,,
2661,-100,-25,,
2662,-75,-41,,
2663,-125,-25,,
2664,-75,-25,,
2665,-100,-25,,
2666,-100,-25,,
2667,-100,-41,,
2668,-75,-25,,
2669,-75,-25,,
2670,-75,-25,,
2671,-100,-25,,
2672,-75,-25,,
2673,-75,-25,,
2674,-75,-25,,
2675,-75,-25,,
2676,-75,-25,,
2677,-75,-43,,
2678,-100,-43,,
2679,-75,-40,,
2680,-75,-25,,
2681,-75,-44,,
2684,-100,-25,,
2685,-75,-25,,
2686,-75,-42,,
2687,-150,-25,,
2689,-75,-25,,
2690,-75,-25,,
2691,-75,-25,,
2692,-75,-30,,
2697,-75,-43,,
2699,-75,-31,,
2700,-75,-25,,
2701,-100,-41,,
2703,-75,-25,,
2705,-75,-25,,
2706,-100,-25,,
2708,-75,-41,,
2709,-75,-43,,
2710,-75,-25,,
2711,-89,0,,
2712,-75,-25,,
2713,-85,0,,
2714,-100,-25,,
2715,-75,-25,,
2716,-75,-25,,
2717,-75,-25,,
2718,-75,-25,,
2719,-75,-25,,
2720,-75,-42,,
2721,-75,-25,,
2723,-75,-30,,
2724,-75,-25,,
2725,-75,0,,
2726,-75,-25,,
2727,-75,-25,,
2728,-75,-30,,
2729,-75,0,,
2730,-75,-25,,
2731,-65,-8,,
2732,-75,-25,,
2735,-75,-25,,
2736,-75,-25,,
2737,-75,-25,,
2738,-75,-25,,
2739,-75,-32,,
2740,-75,-25,,
2741,-75,-30,,
2742,-75,-42,,
2743,-100,-25,,
2744,-75,-42,,
2747,-62,0,,
2749,-75,-2,,
2750,-75,-25,,
2751,-75,-25,,
2752,-75,-43,,
2754,-75,-42,,
2755,-75,-25,,
2756,-75,-25,,
2757,-75,-25,,
2760,-75,-25,,
2761,-75,-25,,
2762,-75,-25,,
2763,-75,-25,,
2765,-75,-25,,
2766,-75,-25,,
2767,-75,-25,,
2768,-75,-42,,
2769,-75,-40,,
2770,-75,-25,,
2771,-75,-25,,
2773,-75,-25,,
2774,-100,-46,,
2775,-75,-42,,
2776,-75,-25,,
2777,-75,-39,,
2778,-75,-42,,
2781,-75,-25,,
2782,-75,-25,,
2783,-75,-25,,
2786,-75,-25,,
2788,-75,-40,,
2790,-75,-25,,
2791,-75,-42,,
2792,-75,-25,,
2794,-75,-25,,
2795,-75,-25,,
2796,-75,-25,,
2797,-75,-42,,
2799,-75,-25,,
2800,-75,-25,,
2801,-75,-25,,
2802,-75,-25,,
2803,-75,-25,,
2804,-75,-25,,
2806,-80,0,,
2807,-75,-41,,
2808,-64,-12,,
2809,-75,-25,,
2810,-75,-25,,
2811,-75,-25,,
2813,-75,-25,,
2814,-75,-25,,
2815,-75,-25,,
2816,-69,-26,,
2817,-75,-41,,
2819,-100,-25,,
2821,-89,-25,,
2822,-80,0,,
2828,-75,-25,,
2829,-75,-25,,
2830,-75,-25,,
2831,-75,-25,,
2832,-75,-35,,
2834,-79,0,,
2835,-75,-25,,
2836,-100,-40,,
2840,-79,0,,
2841,-75,-25,,
2843,-75,-25,,
2847,-75,-25,,
2848,-75,-25,,
2849,-75,-25,,
2850,-75,-8,,
2851,-75,-25,,
2852,-75,-25,,
2853,-75,-25,,
2854,-75,-36,,
2856,-75,-25,,
2859,-75,-35,,
2860,-75,-25,,
2861,-80,-25,,
2863,-75,-25,,
2865,-75,-25,,
2867,-75,0,,
2869,-75,-25,,
2870,-75,-36,,
2871,-75,-25,,
2872,-75,-25,,
2873,-75,-25,,
2874,-75,-36,,
2875,-75,-25,,
2880,-75,-25,,
2881,-75,-25,,
2882,-75,-25,,
2885,-75,-25,,
2888,-75,-25,,
2889,-75,-25,,
2890,-100,-25,,
2892,-75,-35,,
2895,-79,-13,,
2896,-75,-25,,
2898,-75,-25,,
2903,-75,-25,,
2905,-75,-25,,
2906,-75,-25,,
2907,-75,-25,,
2908,-75,-25,,
2909,-75,-25,,
2910,-75,-25,,
2911,-75,-25,,
2912,-75,-25,,
2913,-80,-20,,
2914,-69,0,,
2915,-75,-25,,
2916,-75,-25,,
2917,-75,-25,,
2918,-75,0,,
2919,-75,-25,,
2920,-75,-25,,
2921,-75,-25,,
2923,-75,-25,,
2924,-75,-25,,
2927,-79,0,,
2929,-69,-12,,
2930,-75,-25,,
2931,-75,0,,
2933,-100,0,,
2934,-100,0,,
2940,-350,-300,,
2941,-100,-50,,
2944,-250,-125,,
2945,-100,-25,,
2946,-100,-25,,
2947,-100,-12,,
2949,-75,-25,,
2951,-125,-75,,
2953,-100,-50,,
2954,-250,-75,,
2955,-100,-50,,
2959,-175,-100,,
2961,-100,-50,,
2963,-75,-25,,
2965,-100,-25,,
2968,-100,-50,,
2969,-175,-75,,
2971,-100,-50,,
2972,-100,-25,,
2973,-159,-92,,
2975,-125,-75,,
2976,-250,-200,,
2977,-100,-25,,
2978,-75,-29,,
2979,-100,-50,,
2980,-75,-25,,
2985,-100,-50,,
2986,-250,-200,,
2987,-350,-300,,
2988,-200,-150,,
2989,-350,-300,,
2990,-150,-100,,
2991,-75,-25,,
2993,-150,-100,,
2996,-100,-50,,
2997,-100,-50,,
2999,-100,-50,,
3001,-225,-150,,
3006,-100,-50,,
3007,-100,-50,,
3008,-150,-75,,
3009,-150,-100,,
3012,-275,-225,,
3014,-100,-50,,
3015,-75,-25,,
3016,-275,-225,,
3017,-225,-150,,
3018,-150,-75,,
3021,-125,-75,,
3022,-225,-175,,
3023,-225,-175,,
3024,-275,-225,,
3026,-75,-25,,
3028,-125,-75,,
3029,-150,-75,,
3030,-100,-50,,
3031,-125,-75,,
3034,-100,-50,,
3035,-75,-25,,
3036,-125,-75,,
3037,-100,-50,,
3040,-75,-25,,
3041,-101,-75,,
3042,-101,-75,,
3044,-75,-25,,
3045,-125,-75,,
3047,-175,-125,,
3049,-75,-25,,
3050,-100,-25,,
3051,-125,-75,,
3052,-75,-25,,
3053,-125,-75,,
3054,-150,-100,,
3056,-100,-25,,
3057,-125,-75,,
3059,-100,-50,,
3060,-275,-225,,
3061,-75,-25,,
3062,-100,-46,,
3063,-125,-75,,
3066,-100,-50,,
3067,-100,-50,,
3069,-100,-50,,
3070,-100,-50,,
3071,-100,-25,,
3072,-100,-50,,
3073,-100,-50,,
3076,-100,-50,,
3077,-100,-50,,
3078,-100,-50,,
3079,-100,-50,,
3080,-125,-25,,
3083,-100,-50,,
3084,-100,-50,,
3085,-100,-50,,
3086,-100,-50,,
3087,-75,-25,,
3088,-75,-25,,
3090,-100,-50,,
3091,-100,-50,,
3092,-75,-25,,
3093,-100,-50,,
3094,-75,-25,,
3096,-75,-25,,
3098,-150,-100,,
3099,-250,-200,,
3100,-250,-50,,
3101,-150,-75,,
3104,-150,-100,,
3105,-125,-75,,
3106,-250,-200,,
3108,-75,-25,,
3111,-100,-50,,
3112,-200,-150,,
3113,-125,-78,,
3114,-150,0,,
3115,-100,-50,,
3117,-200,-150,,
3120,-100,-50,,
3121,-150,-100,,
3123,-100,-50,,
3126,-175,-75,,
3127,-150,-75,,
3129,-119,-75,,
3133,-225,-175,,
3134,-175,-125,,
3135,-175,-75,,
3136,-175,-125,,
3137,-175,-125,,
3138,-175,-125,,
3139,-100,-50,,
3140,-100,-50,,
3142,-100,-50,,
3143,-75,-25,,
3144,-125,-50,,
3145,-100,-25,,
3146,-175,-125,,
3147,-125,-50,,
3148,-175,-125,,
3150,-75,-25,,
3151,-125,-50,,
3152,-175,-125,,
3153,-125,-50,,
3154,-100,-50,,
3156,-75,-25,,
3158,-175,-125,,
3160,-175,-125,,
3161,-125,-50,,
3162,-125,-50,,
3163,-125,-50,,
3164,-100,-50,,
3165,-100,-63,,
3166,-100,-50,,
3167,-175,-125,,
3168,-175,-100,,
3169,-125,-50,,
3170,-175,-125,,
3171,-100,-25,,
3172,-175,-125,,
3173,-175,-125,,
3174,-200,-150,,
3175,-175,-125,,
3176,-125,-75,,
3177,-100,-50,,
3178,-100,-50,,
3179,-125,-50,,
3180,-100,-50,,
3181,-75,-25,,
3182,-125,-75,,
3183,-75,-43,,
3184,-125,-50,,
3185,-125,-50,,
3186,-75,-25,,
3187,-175,-125,,
3188,-175,-125,,
3189,-200,-150,,
3190,-125,-75,,
3191,-75,-25,,
3192,-175,-125,,
3193,-125,-50,,
3194,-175,-125,,
3195,-200,-150,,
3196,-125,-50,,
3197,-175,-125,,
3198,-175,-125,,
3199,-175,-125,,
3200,-175,-125,,
3201,-175,-100,,
3203,-125,-75,,
3204,-125,-50,,
3205,-125,-50,,
3206,-175,-125,,
3207,-175,-125,,
3208,-125,-50,,
3209,-175,-125,,
3210,-125,-50,,
3211,-125,-75,,
3212,-100,-50,,
3213,-75,-25,,
3214,-175,-125,,
3215,-175,-125,,
3218,-125,-75,,
3220,-175,-125,,
3221,-125,-75,,
3222,-225,-175,,
3223,-175,-125,,
3224,-200,-150,,
3225,-175,-125,,
3226,-175,-125,,
3227,-125,-50,,
3228,-125,-50,,
3230,-125,-50,,
3231,-150,-100,,
3232,-100,-49,,
3233,-75,-25,,
3234,-125,-82,,
3235,-175,-125,,
3236,-125,-75,,
3237,-175,-125,,
3238,-175,-125,,
3239,-200,-150,,
3241,-175,-100,,
3242,-75,-40,,
3243,-75,-25,,
3244,-100,-50,,
3245,-75,-31,,
3246,-75,-25,,
3247,-100,-25,,
3248,-175,-125,,
3249,-75,-25,,
3250,-75,-25,,
3251,-200,-150,,
3252,-175,-125,,
3253,-175,-125,,
3254,-125,-50,,
3255,-87,-50,,
3256,-125,-50,,
3257,-175,-125,,
3258,-100,-25,,
3259,-175,-125,,
3260,-100,-50,,
3261,-125,-50,,
3262,-75,-43,,
3263,-100,-25,,
3264,-100,-25,,
3265,-175,-125,,
3266,-100,-25,,
3267,-123,-43,,
3268,-75,-25,,
3269,-100,-50,,
3270,-100,-50,,
3271,-125,-50,,
3272,-175,-125,,
3273,-100,-50,,
3274,-175,-125,,
3275,-100,-50,,
3276,-75,-25,,
3280,-100,-58,,
3281,-125,-75,,
3282,-175,-125,,
3283,-125,-50,,
3284,-100,-25,,
3285,-475,-425,,
3286,-75,-25,,
3287,-150,-100,,
3288,-175,-125,,
3289,-175,-125,,
3290,-250,-200,,
3291,-150,-50,,
3292,-75,-25,,
3294,-100,-50,,
3297,-225,-150,,
3300,-150,-100,,
3301,-75,-25,,
3304,-75,-25,,
3305,-125,-50,,
3306,-75,-25,,
3307,-75,-25,,
3309,-75,-25,,
3310,-75,-30,,
3311,-75,-43,,
3312,-75,-25,,
3313,-250,-100,,
3315,-75,-25,,
3317,-100,-50,,
3319,-75,-25,,
3320,-100,-50,,
3321,-100,-50,,
3323,-350,-300,,
3325,-125,-75,,
3326,-100,-25,,
3327,-75,-25,,
3330,-75,-25,,
3332,-175,-125,,
3333,-125,-75,,
3334,-175,-125,,
3335,-75,-25,,
3336,-150,-100,,
3338,-100,-25,,
3339,-75,-41,,
3340,-100,-25,,
3341,-100,-50,,
3342,-75,-25,,
3343,-125,-75,,
3344,-250,-200,,
3348,-325,-250,,
3349,-300,-250,,
3351,-250,-200,,
3352,-250,-200,,
3353,-250,-200,,
3355,-250,-200,,
3356,-250,-175,,
3358,-225,-175,,
3359,-200,-150,,
3362,-175,-125,,
3363,-175,-125,,
3364,-175,-125,,
3366,-175,-100,,
3368,-175,-100,,
3369,-153,-100,,
3370,-150,-100,,
3372,-150,-100,,
3374,-150,-100,,
3375,-150,-100,,
3376,-150,-100,,
3379,-150,-100,,
3380,-150,-100,,
3381,-150,-100,,
3382,-150,-100,,
3383,-150,-100,,
3384,-150,-75,,
3385,-125,-75,,
3388,-127,-66,,
3391,-150,-75,,
3392,-125,-75,,
3394,-125,-50,,
3395,-125,-50,,
3396,-100,-50,,
3397,-100,-50,,
3399,-100,-50,,
3401,-101,-50,,
3402,-100,-50,,
3405,-250,-200,,
3408,-250,-200,,
3409,-250,-200,,
3410,-250,-200,,
3412,-250,-200,,
3413,-250,-200,,
3414,-250,-100,,
3415,-250,-125,,
3417,-150,-100,,
3418,-150,-100,,
3419,-150,-100,,
3420,-125,-75,,
3421,-75,-25,,
3422,-100,-50,,
3423,-75,-25,,
3424,-100,-25,,
3425,-150,-100,,
3426,-75,-43,,
3427,-125,-50,,
3428,-175,-125,,
3429,-200,-150,,
3430,-75,-25,,
3431,-100,-25,,
3433,-100,-25,,
3434,-100,-25,,
3435,-150,-100,,
3436,-170,-50,,
3438,-125,-50,,
3439,-125,-50,,
3441,-100,-50,,
3442,-100,-25,,
3443,-100,-45,,
3446,-75,-25,,
3447,-125,-50,,
3448,-75,-25,,
3449,-150,-75,,
3451,-350,-300,,
3452,-100,-50,,
3454,-100,-25,,
3455,-125,-75,,
3457,-175,-125,,
3458,-100,0,,
3459,-75,-25,,
3460,-225,-175,,
3461,-150,-100,,
3462,-100,-50,,
3463,-150,-75,,
3464,-164,-100,,
3465,-125,-41,,
3466,-75,-25,,
3467,-75,-25,,
3468,-75,-40,,
3470,-75,-25,,
3471,-100,-50,,
3473,-125,-25,,
3474,-100,-25,,
3475,-125,-75,,
3476,-150,-100,,
3478,-125,-75,,
3479,-175,-125,,
3480,-250,-200,,
3482,-225,-175,,
3483,-200,-150,,
3484,-75,-25,,
3485,-250,-200,,
3486,-175,-125,,
3487,-250,-200,,
3488,-125,-75,,
3489,-200,-125,,
3490,-100,-25,,
3491,-175,-125,,
3492,-175,-125,,
3495,-100,-50,,
3496,-100,-25,,
3497,-175,-125,,
3498,-175,-125,,
3499,-150,-100,,
3500,-150,-100,,
3501,-100,-25,,
3502,-200,-125,,
3503,-200,-150,,
3504,-150,-75,,
3505,-150,-80,,
3506,-125,-75,,
3507,-125,-75,,
3509,-125,-75,,
3510,-125,-75,,
3511,-175,-125,,
3512,-75,-25,,
3513,-175,-100,,
3515,-175,-125,,
3516,-200,-150,,
3517,-100,-50,,
3518,-175,-125,,
3519,-175,-125,,
3520,-150,-100,,
3521,-200,-150,,
3522,-200,-125,,
3523,-175,-125,,
3524,-175,-125,,
3525,-75,-25,,
3526,-125,-80,,
3527,-150,-100,,
3528,-200,-150,,
3529,-150,-100,,
3530,-225,-175,,
3531,-150,-100,,
3532,-175,-125,,
3533,-175,-125,,
3534,-175,-125,,
3536,-150,-100,,
3538,-125,-75,,
3542,-125,-75,,
3543,-75,-25,,
3544,-225,-175,,
3545,-175,-125,,
3547,-125,-50,,
3548,-125,-75,,
3549,-150,-100,,
3550,-150,-100,,
3551,-125,-50,,
3552,-125,-75,,
3553,-150,-100,,
3554,-125,-50,,
3555,-150,-100,,
3556,-200,-125,,
3557,-125,-75,,
3558,-100,-50,,
3559,-150,-100,,
3560,-200,-125,,
3561,-150,-100,,
3562,-125,-75,,
3563,-125,-75,,
3564,-225,-175,,
3565,-150,-100,,
3566,-150,-100,,
3567,-175,-125,,
3568,-75,-25,,
3569,-125,-75,,
3570,-100,-25,,
3571,-150,-100,,
3572,-150,-75,,
3573,-150,-100,,
3574,-150,-100,,
3576,-125,-75,,
3577,-125,-75,,
3579,-200,-150,,
3580,-200,-125,,
3581,-75,-25,,
3582,-175,-125,,
3584,-100,-25,,
3586,-125,-50,,
3587,-125,-50,,
3589,-175,-125,,
3590,-175,-125,,
3592,-75,-25,,
3593,-200,-125,,
3594,-175,-125,,
3595,-175,-125,,
3596,-150,-100,,
3597,-175,-125,,
3598,-150,-100,,
3599,-125,-75,,
3600,-150,-100,,
3601,-175,-125,,
3602,-175,-100,,
3603,-150,-100,,
3604,-150,-100,,
3605,-175,-125,,
3607,-175,-125,,
3608,-150,-100,,
3609,-225,-175,,
3610,-175,-100,,
3611,-175,-125,,
3612,-125,-75,,
3613,-225,-175,,
3614,-225,-175,,
3615,-100,-50,,
3616,-100,-25,,
3617,-150,-100,,
3618,-125,-50,,
3619,-150,-100,,
3620,-125,-75,,
3622,-175,-125,,
3623,-200,-150,,
3624,-200,-125,,
3625,-125,-75,,
3626,-200,-150,,
3627,-200,-150,,
3628,-175,-125,,
3629,-200,-150,,
3630,-75,-25,,
3632,-175,-125,,
3633,-75,-25,,
3635,-125,-75,,
3636,-100,-50,,
3638,-150,-75,,
3639,-225,-175,,
3640,-175,-125,,
3642,-175,-75,,
3643,-125,-75,,
3644,-75,-25,,
3645,-150,-100,,
3646,-200,-150,,
3648,-75,-25,,
3649,-100,-50,,
3650,-225,-175,,
3651,-200,-150,,
3653,-125,-50,,
3654,-150,-100,,
3655,-150,-100,,
3656,-200,-125,,
3657,-225,-175,,
3659,-175,-100,,
3660,-100,-50,,
3661,-125,-50,,
3662,-100,-25,,
3663,-125,-75,,
3664,-150,-100,,
3665,-250,-200,,
3666,-225,-175,,
3667,-200,-150,,
3668,-200,-150,,
3669,-200,-150,,
3670,-75,-25,,
3671,-100,-25,,
3672,-225,-175,,
3673,-225,-175,,
3674,-100,-25,,
3675,-175,-125,,
3676,-150,-75,,
3678,-225,-175,,
3679,-225,-175,,
3680,-150,-100,,
3681,-175,-125,,
3682,-175,-125,,
3683,-200,-150,,
3684,-200,-150,,
3685,-250,-200,,
3686,-200,-150,,
3691,-124,-75,,
3693,-225,-150,,
3694,-175,-100,,
3695,-100,-25,,
3696,-100,-25,,
3697,-100,-25,,
3698,-100,-25,,
3700,-125,-75,,
3701,-75,-25,,
3702,-75,-41,,
3703,-75,-43,,
3704,-125,-50,,
3706,-75,-25,,
3707,-125,-75,,
3708,-125,-75,,
3742,-75,-25,,
3743,-100,-48,,
3746,-250,-175,,
3747,-250,-200,,
3748,-225,-175,,
3749,-250,-209,,
3750,-75,-25,,
3752,-100,-50,,
3753,-100,-50,,
3755,-125,-86,,
3757,-75,-25,,
3758,-75,-41,,
3759,-125,-50,,
3760,25,100,,
3761,-225,-175,,
3762,-100,-50,,
3763,-75,-31,,
3764,-75,-25,,
3765,-75,-25,,
3769,-75,-25,,
3770,-175,-125,,
3771,-75,-25,,
3772,-75,-42,,
3773,-175,-125,,
3774,-100,-50,,
3775,-100,-25,,
3776,-125,-50,,
3777,-100,-25,,
3778,-200,-150,,
3779,-175,-125,,
3780,-128,-100,,
3781,-75,-25,,
3782,-450,-400,,
3783,-100,-25,,
3785,-75,-25,,
3786,-150,-100,,
3787,-100,-25,,
3788,-124,-75,,
3790,-150,-100,,
3791,-75,-25,,
3792,-102,-50,,
3793,-450,-400,,
3794,-125,-75,,
3796,-75,-25,,
3798,-450,-400,,
3800,-75,-25,,
3801,-125,-75,,
3803,-75,-25,,
3804,-75,-25,,
3805,-100,-25,,
3806,-100,-25,,
3807,-125,-75,,
3808,-100,-25,,
3809,-150,-100,,
3811,-125,-75,,
3812,-75,-25,,
3814,-200,-125,,
3815,-75,-25,,
3817,-150,-100,,
3818,-175,-125,,
3820,-75,-25,,
3821,-75,-25,,
3822,-75,-25,,
3824,-279,-226,,
3825,-175,-125,,
3826,-100,-25,,
3827,-100,-50,,
3828,-100,-50,,
3829,-100,-50,,
3830,-150,-100,,
3831,-75,-30,,
3832,-100,-25,,
3834,-125,-75,,
3837,-75,-25,,
3838,-75,-25,,
3839,-125,-75,,
3841,-125,-50,,
3842,-125,-75,,
3843,-425,-375,,
3846,-125,-50,,
3847,-100,-50,,
3848,-75,-25,,
3849,-75,-25,,
3851,-100,-50,,
3852,-225,-150,,
3853,-75,-25,,
3854,-75,-25,,
3855,-75,-25,,
3856,-125,-50,,
3857,-100,-25,,
3858,-100,-25,,
3859,-75,-25,,
3861,-300,-250,,
3862,-154,-121,,
3863,-154,-121,,
3864,-162,-133,,
3865,-200,-121,,
3866,-175,-88,,
3867,-175,-88,,
3868,-175,-87,,
3869,-125,-77,,
3870,-100,-25,,
3871,-100,25,,
3873,-150,-68,,
3874,-150,-54,,
3876,-100,-44,,
3877,-100,-44,,
3879,-125,-62,,
3884,-125,-43,,
3890,-125,-43,,
3893,-125,-40,,
3895,-75,-25,,
3896,-75,-25,,
3899,-125,-80,,
3901,-90,-13,,
3902,-125,-36,,
3911,-100,-23,,
3913,-125,-30,,
3915,-166,-100,,
3917,-125,-67,,
3918,-150,-56,,
3920,-87,0,,
3928,-79,-45,,
3929,-175,-79,,
3934,-125,-46,,
3935,-75,-25,,
3940,-106,-43,,
3945,-235,-183,,
3946,-220,-150,,
3947,-150,-100,,
3948,-158,-86,,
3949,-175,-92,,
3951,-82,-53,,
3952,-150,-53,,
3958,-117,-56,,
3960,-120,-75,,
3962,-89,-43,,
3964,-100,-32,,
3965,-100,-32,,
3966,-102,-43,,
3967,-150,-75,,
3969,-170,-87,,
3972,-150,-100,,
3978,-132,-42,,
3979,-150,-58,,
3980,-125,-28,,
3981,-100,-50,,
3984,-106,-43,,
3989,-125,-45,,
3993,-150,-75,,
3996,-170,-75,,
4000,-175,-87,,
4004,-106,-43,,
4005,-108,-75,,
4008,-85,-42,,
4009,-163,-75,,
4010,-100,-25,,
4012,-125,-45,,
4015,-83,-30,,
4020,-200,-152,,
4022,-225,-150,,
4025,-105,-25,,
4030,-150,-75,,
4031,-140,-91,,
4043,-103,-59,,
4046,-175,-125,,
4049,-114,-50,,
4052,-150,-76,,
4058,-100,-45,,
4062,-125,-75,,
4067,-100,25,,
4069,-69,-43,,
4070,-85,-42,,
4075,-100,-25,,
4080,-64,-42,,
4081,-150,-68,,
4083,-125,-72,,
4089,-100,-50,,
4091,-185,-129,,
4092,-100,-50,,
4093,-150,-64,,
4097,-117,-56,,
4103,-150,-56,,
4116,-150,-75,,
4126,-150,-80,,
4143,-95,-25,,
4144,-125,-75,,
4147,-125,-41,,
4149,-150,0,,
4150,-150,-73,,
4157,-125,-50,,
4171,-200,-114,,
4172,-124,-91,,
4194,-38,-9,,
4197,-125,-63,,
4201,-250,-159,,
4213,-250,-154,,
4214,-250,-154,,
4217,-220,-125,,
4219,-262,-200,,
4224,-250,-200,,
4228,-206,-141,,
4233,-100,-25,,
4234,-300,-220,,
4236,-125,-81,,
4241,-270,-200,,
4242,-125,-77,,
4245,-158,-75,,
4249,-100,-43,,
4254,-64,-12,,
4258,-150,-54,,
4260,-95,-46,,
4265,-150,-80,,
4267,-115,-53,,
4269,-120,-75,,
4272,-150,-25,,
4277,-106,-48,,
4284,-78,0,,
4288,-186,-130,,
4293,-155,-109,,
4295,-124,-53,,
4304,-125,-30,,
4311,-125,-42,,
4319,-125,-75,,
4330,-41,50,,
4336,-48,50,,
4346,-75,-41,,
4352,-125,-75,,
4354,-100,-25,,
4357,-100,-25,,
4359,-125,-84,,
4367,-150,-75,,
4369,-125,-75,,
4370,-125,-75,,
4375,-125,-75,,
4386,-125,-75,,
4387,-100,-25,,
4391,-100,-50,,
4412,-150,-80,,
4421,-150,-52,,
4432,-100,25,,
4461,-75,-25,,
4477,-100,-25,,
4498,-150,-25,,
4527,-100,25,,
4537,-100,-50,,
4545,-125,-69,,
4546,-150,-80,,
4547,-150,-80,,
4550,-100,-48,,
4551,-100,-48,,
4552,-175,-88,,
4553,-100,-25,,
4555,-150,-80,,
4556,-150,-80,,
4557,-150,-80,,
4558,-75,-42,,
4559,-125,-75,,
4560,-200,-104,,
4565,-100,-50,,
4566,-100,-25,,
4567,-75,-25,,
4568,-125,-50,,
4569,-125,-75,,
4570,-75,-25,,
4571,-175,-100,,
4572,-125,-50,,
4573,-93,-50,,
4574,-100,-50,,
4575,-125,-75,,
4576,-100,-50,,
4577,-125,-50,,
4578,-75,-25,,
4579,-100,-50,,
4580,-125,-50,,
4581,-125,-75,,
4582,-125,-50,,
4583,-100,-50,,
4584,-125,-50,,
4585,-125,-75,,
4586,-125,-50,,
4587,-125,-50,,
4589,-100,-50,,
4590,-100,-50,,
4592,-100,-50,,
4595,-125,-75,,
4596,-100,-50,,
4597,-100,-41,,
4598,-125,-50,,
4600,-125,-75,,
4601,-75,-25,,
4602,-75,-25,,
4603,-125,-75,,
4604,-75,-25,,
4605,-75,-25,,
4606,-100,-25,,
4607,-75,-30,,
4608,-75,-25,,
4609,-75,-25,,
4610,-225,-175,,
4611,-350,-300,,
4612,-125,-50,,
4613,-525,-475,,
4614,-475,-400,,
4615,-475,-400,,
4616,-150,-75,,
4617,-350,-300,,
4618,-100,-25,,
4619,-100,-50,,
4620,-100,-25,,
4621,-125,-75,,
4622,-125,-75,,
4623,-125,-75,,
4624,-125,-75,,
4625,-125,-75,,
4626,-125,-75,,
4627,-125,-75,,
4628,-125,-75,,
4629,-125,-75,,
4630,-125,-75,,
4631,-250,-200,,
4633,-219,-175,,
4634,-150,-100,,
4635,-250,-210,,
4636,-450,-375,,
4637,-150,-100,,
4638,-150,-75,,
4639,-300,-266,,
4641,-125,-75,,
4642,-250,-200,,
4643,-250,-200,,
4644,-300,-250,,
4645,-300,-250,,
4646,-105,-51,,
4647,-140,-80,,
4648,-150,-75,,
4649,-195,-170,,
4650,-190,-125,,
4651,-125,-75,,
4652,-100,-25,,
4653,-100,-56,,
4655,-125,-75,,
4656,-150,-75,,
4657,-200,-121,,
4658,-300,-250,,
4659,-200,-125,,
4660,-375,-300,,
4661,-350,-300,,
4662,-300,-225,,
4663,-300,-225,,
4664,-500,-425,,
4665,-275,-213,,
4666,-100,25,,
4668,-150,-75,,
4669,-200,-154,,
4671,-100,-25,,
4672,-325,-225,,
4673,-100,-50,,
4674,-150,-75,,
4675,-250,-175,,
4676,-100,-50,,
4677,-100,-50,,
4678,-100,-44,,
4679,-100,-44,,
4681,-150,-100,,
4682,-150,-100,,
4686,-125,-50,,
4689,-150,-100,,
4690,-150,-25,,
4691,-75,-41,,
4692,-75,-41,,
4694,-125,-49,,
4695,-75,-25,,
4696,-100,25,,
4697,-125,-43,,
4698,-100,-41,,
4701,-75,-41,,
4702,-75,-25,,
4703,-125,-44,,
4704,-75,-25,,
4992,-300,-250,,
5039,-250,-200,,
5040,-250,-200,,
5041,-250,-200,,
5042,-250,-200,,
5043,-200,-150,,
5044,-200,-150,,
5045,-200,-150,,
5046,-150,-100,,
5047,-125,-50,,
5048,-100,-50,,
5049,-100,-50,,
5050,-100,-50,,
5051,-75,-25,,
5052,-75,-25,,
5053,-75,-25,,
5054,-75,-25,,
5055,-75,-25,,
5056,-75,-25,,
5057,-75,-25,,
5058,-75,-25,,
5059,-100,-50,,
5060,-100,-25,,
5061,-100,-25,,
5062,-100,-25,,
5063,-75,-25,,
5064,-75,-25,,
5065,-75,-25,,
5066,-75,-25,,
5067,-75,-25,,
5068,-75,-25,,
5069,-75,-25,,
5070,-75,-25,,
5071,-75,-25,,
5072,-75,-25,,
5073,-75,-25,,
5074,-75,-25,,
5075,-125,-75,,
5076,-125,-75,,
5077,-125,-75,,
5078,-125,-75,,
5079,-125,-75,,
5080,-125,-75,,
5081,-125,-75,,
5082,-125,-75,,
5083,-125,-75,,
5084,-125,-75,,
5085,-125,-75,,
5086,-125,-75,,
5087,-125,-75,,
5088,-125,-75,,
5089,-100,-25,,
5090,-100,-25,,
5091,-100,-25,,
5092,-100,-25,,
5093,-100,-25,,
5094,-100,-25,,
5095,-125,-80,,
5096,-125,-80,,
5097,-125,-80,,
5098,-125,-75,,
5099,-125,-75,,
5100,-125,-80,,
5101,-125,-80,,
5102,-125,-75,,
5103,-125,-75,,
5104,-125,-75,,
5105,-125,-75,,
5106,-125,-72,,
5107,-125,-71,,
5108,-75,-25,,
5109,-75,-25,,
5110,-125,-25,,
5111,-75,-41,,
5112,-75,-25,,
5113,-75,-25,,
5114,-75,-25,,
5115,-75,-25,,
5116,-75,-25,,
5117,-75,-40,,
5118,-75,-25,,
5119,-75,-25,,
5120,-75,-25,,
5121,-100,-25,,
5122,-75,-30,,
5123,-75,-25,,
5124,-75,-25,,
5125,-75,-25,,
5126,-75,-30,,
5127,-75,-42,,
5128,-75,-25,,
5129,-75,-25,,
5130,-75,-25,,
5131,-125,-75,,